InvoiceNo,StockCode,Description,Quantity,InvoiceDate,UnitPrice,CustomerID,City
INV1001,PRD1001,Grocery Pack,8,2025-07-01 00:00:00,58.6,1060,Delhi
INV1002,PRD1002,Milk Bottle,3,2025-07-01 01:00:00,206.73,1035,Lucknow
INV1003,PRD1003,Bread Loaf,8,2025-07-01 02:00:00,402.03,1097,Hyderabad
INV1004,PRD1004,Egg Pack,5,2025-07-01 03:00:00,109.98,1092,Chennai
INV1005,PRD1005,Fresh Vegetables,1,2025-07-01 04:00:00,281.99,1023,Mumbai
INV1006,PRD1006,Cold Drink,7,2025-07-01 05:00:00,369.2,1023,Mumbai
INV1007,PRD1007,Organic Fruits,5,2025-07-01 06:00:00,311.83,1003,Mumbai
INV1008,PRD1008,Snacks Pack,6,2025-07-01 07:00:00,102.13,1066,Ahmedabad
INV1009,PRD1009,Dairy Butter,6,2025-07-01 08:00:00,184.14,1033,Chennai
INV1010,PRD1010,Pack of Chai,8,2025-07-01 09:00:00,394.06,1056,Hyderabad
INV1011,PRD1001,Grocery Pack,9,2025-07-01 10:00:00,281.57,1048,Mumbai
INV1012,PRD1002,Milk Bottle,2,2025-07-01 11:00:00,12.56,1086,Lucknow
INV1013,PRD1003,Bread Loaf,9,2025-07-01 12:00:00,382.89,1052,Ahmedabad
INV1014,PRD1004,Egg Pack,9,2025-07-01 13:00:00,27.3,1022,Delhi
INV1015,PRD1005,Fresh Vegetables,7,2025-07-01 14:00:00,375.41,1068,Mumbai
INV1016,PRD1006,Cold Drink,1,2025-07-01 15:00:00,109.22,1094,Mumbai
INV1017,PRD1007,Organic Fruits,7,2025-07-01 16:00:00,479.46,1052,Delhi
INV1018,PRD1008,Snacks Pack,5,2025-07-01 17:00:00,190.29,1061,Bengaluru
INV1019,PRD1009,Dairy Butter,6,2025-07-01 18:00:00,170.2,1040,Bengaluru
INV1020,PRD1010,Pack of Chai,7,2025-07-01 19:00:00,82.96,1056,Delhi
INV1021,PRD1001,Grocery Pack,5,2025-07-01 20:00:00,159.75,1059,Chennai
INV1022,PRD1002,Milk Bottle,7,2025-07-01 21:00:00,439.56,1053,Mumbai
INV1023,PRD1003,Bread Loaf,9,2025-07-01 22:00:00,498.2,1069,Delhi
INV1024,PRD1004,Egg Pack,3,2025-07-01 23:00:00,190.47,1056,Delhi
INV1025,PRD1005,Fresh Vegetables,8,2025-07-02 00:00:00,229.82,1009,Bengaluru
INV1026,PRD1006,Cold Drink,2,2025-07-02 01:00:00,363.81,1039,Pune
INV1027,PRD1007,Organic Fruits,7,2025-07-02 02:00:00,444.24,1006,Mumbai
INV1028,PRD1008,Snacks Pack,2,2025-07-02 03:00:00,300.59,1037,Bengaluru
INV1029,PRD1009,Dairy Butter,4,2025-07-02 04:00:00,201.85,1084,Chennai
INV1030,PRD1010,Pack of Chai,7,2025-07-02 05:00:00,212.18,1060,Mumbai
INV1031,PRD1001,Grocery Pack,3,2025-07-02 06:00:00,350.85,1083,Chennai
INV1032,PRD1002,Milk Bottle,2,2025-07-02 07:00:00,11.58,1002,Mumbai
INV1033,PRD1003,Bread Loaf,7,2025-07-02 08:00:00,313.6,1050,Mumbai
INV1034,PRD1004,Egg Pack,1,2025-07-02 09:00:00,184.19,1085,Lucknow
INV1035,PRD1005,Fresh Vegetables,8,2025-07-02 10:00:00,399.16,1046,Lucknow
INV1036,PRD1006,Cold Drink,3,2025-07-02 11:00:00,55.57,1067,Pune
INV1037,PRD1007,Organic Fruits,2,2025-07-02 12:00:00,298.22,1091,Delhi
INV1038,PRD1008,Snacks Pack,3,2025-07-02 13:00:00,245.68,1075,Mumbai
INV1039,PRD1009,Dairy Butter,5,2025-07-02 14:00:00,324.74,1037,Hyderabad
INV1040,PRD1010,Pack of Chai,8,2025-07-02 15:00:00,41.78,1035,Bengaluru
INV1041,PRD1001,Grocery Pack,7,2025-07-02 16:00:00,294.19,1040,Mumbai
INV1042,PRD1002,Milk Bottle,7,2025-07-02 17:00:00,285.13,1068,Bengaluru
INV1043,PRD1003,Bread Loaf,7,2025-07-02 18:00:00,284.72,1012,Mumbai
INV1044,PRD1004,Egg Pack,8,2025-07-02 19:00:00,305.71,1086,Kolkata
INV1045,PRD1005,Fresh Vegetables,1,2025-07-02 20:00:00,341.47,1057,Delhi
INV1046,PRD1006,Cold Drink,4,2025-07-02 21:00:00,404.44,1049,Hyderabad
INV1047,PRD1007,Organic Fruits,6,2025-07-02 22:00:00,142.21,1029,Delhi
INV1048,PRD1008,Snacks Pack,9,2025-07-02 23:00:00,414.27,1061,Bengaluru
INV1049,PRD1009,Dairy Butter,2,2025-07-03 00:00:00,254.15,1024,Chennai
INV1050,PRD1010,Pack of Chai,1,2025-07-03 01:00:00,47.76,1026,Mumbai
INV1051,PRD1001,Grocery Pack,2,2025-07-03 02:00:00,38.69,1050,Lucknow
INV1052,PRD1002,Milk Bottle,7,2025-07-03 03:00:00,173.78,1077,Pune
INV1053,PRD1003,Bread Loaf,3,2025-07-03 04:00:00,394.6,1056,Kolkata
INV1054,PRD1004,Egg Pack,2,2025-07-03 05:00:00,356.76,1046,Kolkata
INV1055,PRD1005,Fresh Vegetables,7,2025-07-03 06:00:00,396.42,1099,Chennai
INV1056,PRD1006,Cold Drink,2,2025-07-03 07:00:00,263.46,1038,Kolkata
INV1057,PRD1007,Organic Fruits,3,2025-07-03 08:00:00,225.7,1015,Mumbai
INV1058,PRD1008,Snacks Pack,7,2025-07-03 09:00:00,82.25,1021,Mumbai
INV1059,PRD1009,Dairy Butter,4,2025-07-03 10:00:00,170.81,1084,Mumbai
INV1060,PRD1010,Pack of Chai,1,2025-07-03 11:00:00,222.67,1053,Delhi
INV1061,PRD1001,Grocery Pack,5,2025-07-03 12:00:00,53.41,1020,Bengaluru
INV1062,PRD1002,Milk Bottle,9,2025-07-03 13:00:00,118.1,1071,Delhi
INV1063,PRD1003,Bread Loaf,8,2025-07-03 14:00:00,303.13,1015,Pune
INV1064,PRD1004,Egg Pack,9,2025-07-03 15:00:00,370.47,1058,Delhi
INV1065,PRD1005,Fresh Vegetables,9,2025-07-03 16:00:00,499.19,1030,Delhi
INV1066,PRD1006,Cold Drink,7,2025-07-03 17:00:00,467.23,1041,Chennai
INV1067,PRD1007,Organic Fruits,4,2025-07-03 18:00:00,324.86,1073,Mumbai
INV1068,PRD1008,Snacks Pack,5,2025-07-03 19:00:00,216.41,1031,Pune
INV1069,PRD1009,Dairy Butter,1,2025-07-03 20:00:00,321.73,1058,Mumbai
INV1070,PRD1010,Pack of Chai,1,2025-07-03 21:00:00,394.97,1033,Jaipur
INV1071,PRD1001,Grocery Pack,3,2025-07-03 22:00:00,67.98,1008,Pune
INV1072,PRD1002,Milk Bottle,8,2025-07-03 23:00:00,210.85,1080,Mumbai
INV1073,PRD1003,Bread Loaf,2,2025-07-04 00:00:00,421.5,1010,Mumbai
INV1074,PRD1004,Egg Pack,4,2025-07-04 01:00:00,198.08,1095,Pune
INV1075,PRD1005,Fresh Vegetables,2,2025-07-04 02:00:00,290.22,1009,Hyderabad
INV1076,PRD1006,Cold Drink,5,2025-07-04 03:00:00,298.01,1085,Hyderabad
INV1077,PRD1007,Organic Fruits,9,2025-07-04 04:00:00,100.39,1016,Pune
INV1078,PRD1008,Snacks Pack,1,2025-07-04 05:00:00,187.5,1067,Mumbai
INV1079,PRD1009,Dairy Butter,5,2025-07-04 06:00:00,173.91,1047,Delhi
INV1080,PRD1010,Pack of Chai,9,2025-07-04 07:00:00,22.84,1051,Mumbai
INV1081,PRD1001,Grocery Pack,1,2025-07-04 08:00:00,21.85,1024,Ahmedabad
INV1082,PRD1002,Milk Bottle,9,2025-07-04 09:00:00,417.53,1020,Chennai
INV1083,PRD1003,Bread Loaf,8,2025-07-04 10:00:00,143.8,1064,Delhi
INV1084,PRD1004,Egg Pack,4,2025-07-04 11:00:00,263.86,1062,Mumbai
INV1085,PRD1005,Fresh Vegetables,5,2025-07-04 12:00:00,156.38,1088,Delhi
INV1086,PRD1006,Cold Drink,5,2025-07-04 13:00:00,470.93,1050,Delhi
INV1087,PRD1007,Organic Fruits,6,2025-07-04 14:00:00,137.06,1035,Hyderabad
INV1088,PRD1008,Snacks Pack,7,2025-07-04 15:00:00,220.53,1080,Chennai
INV1089,PRD1009,Dairy Butter,8,2025-07-04 16:00:00,437.64,1087,Ahmedabad
INV1090,PRD1010,Pack of Chai,8,2025-07-04 17:00:00,422.55,1065,Bengaluru
INV1091,PRD1001,Grocery Pack,2,2025-07-04 18:00:00,101.19,1014,Mumbai
INV1092,PRD1002,Milk Bottle,9,2025-07-04 19:00:00,403.3,1095,Hyderabad
INV1093,PRD1003,Bread Loaf,7,2025-07-04 20:00:00,234.51,1038,Pune
INV1094,PRD1004,Egg Pack,4,2025-07-04 21:00:00,246.65,1069,Chennai
INV1095,PRD1005,Fresh Vegetables,4,2025-07-04 22:00:00,75.41,1000,Pune
INV1096,PRD1006,Cold Drink,8,2025-07-04 23:00:00,49.49,1022,Bengaluru
INV1097,PRD1007,Organic Fruits,4,2025-07-05 00:00:00,366.69,1038,Bengaluru
INV1098,PRD1008,Snacks Pack,6,2025-07-05 01:00:00,253.27,1056,Bengaluru
INV1099,PRD1009,Dairy Butter,5,2025-07-05 02:00:00,224.06,1080,Mumbai
INV1100,PRD1010,Pack of Chai,3,2025-07-05 03:00:00,367.46,1033,Mumbai
INV1101,PRD1001,Grocery Pack,2,2025-07-05 04:00:00,385.1,1040,Mumbai
INV1102,PRD1002,Milk Bottle,9,2025-07-05 05:00:00,87.87,1092,Chennai
INV1103,PRD1003,Bread Loaf,9,2025-07-05 06:00:00,309.01,1072,Delhi
INV1104,PRD1004,Egg Pack,1,2025-07-05 07:00:00,76.32,1012,Bengaluru
INV1105,PRD1005,Fresh Vegetables,3,2025-07-05 08:00:00,378.17,1069,Kolkata
INV1106,PRD1006,Cold Drink,8,2025-07-05 09:00:00,331.91,1005,Delhi
INV1107,PRD1007,Organic Fruits,6,2025-07-05 10:00:00,478.74,1083,Bengaluru
INV1108,PRD1008,Snacks Pack,5,2025-07-05 11:00:00,43.79,1051,Pune
INV1109,PRD1009,Dairy Butter,5,2025-07-05 12:00:00,37.96,1002,Delhi
INV1110,PRD1010,Pack of Chai,6,2025-07-05 13:00:00,148.27,1080,Mumbai
INV1111,PRD1001,Grocery Pack,7,2025-07-05 14:00:00,138.24,1062,Delhi
INV1112,PRD1002,Milk Bottle,1,2025-07-05 15:00:00,131.02,1048,Mumbai
INV1113,PRD1003,Bread Loaf,9,2025-07-05 16:00:00,454.06,1075,Kolkata
INV1114,PRD1004,Egg Pack,3,2025-07-05 17:00:00,132.28,1046,Pune
INV1115,PRD1005,Fresh Vegetables,4,2025-07-05 18:00:00,143.26,1054,Chennai
INV1116,PRD1006,Cold Drink,1,2025-07-05 19:00:00,382.11,1063,Ahmedabad
INV1117,PRD1007,Organic Fruits,3,2025-07-05 20:00:00,230.37,1064,Pune
INV1118,PRD1008,Snacks Pack,2,2025-07-05 21:00:00,390.59,1080,Mumbai
INV1119,PRD1009,Dairy Butter,2,2025-07-05 22:00:00,42.03,1066,Kolkata
INV1120,PRD1010,Pack of Chai,1,2025-07-05 23:00:00,248.91,1089,Chennai
INV1121,PRD1001,Grocery Pack,8,2025-07-06 00:00:00,26.47,1014,Pune
INV1122,PRD1002,Milk Bottle,3,2025-07-06 01:00:00,40.7,1099,Kolkata
INV1123,PRD1003,Bread Loaf,3,2025-07-06 02:00:00,454.15,1031,Delhi
INV1124,PRD1004,Egg Pack,6,2025-07-06 03:00:00,78.23,1095,Mumbai
INV1125,PRD1005,Fresh Vegetables,8,2025-07-06 04:00:00,270.89,1067,Delhi
INV1126,PRD1006,Cold Drink,9,2025-07-06 05:00:00,211.44,1017,Bengaluru
INV1127,PRD1007,Organic Fruits,9,2025-07-06 06:00:00,180.2,1082,Pune
INV1128,PRD1008,Snacks Pack,4,2025-07-06 07:00:00,450.92,1042,Ahmedabad
INV1129,PRD1009,Dairy Butter,5,2025-07-06 08:00:00,20.69,1034,Mumbai
INV1130,PRD1010,Pack of Chai,2,2025-07-06 09:00:00,335.26,1077,Bengaluru
INV1131,PRD1001,Grocery Pack,9,2025-07-06 10:00:00,482.06,1057,Bengaluru
INV1132,PRD1002,Milk Bottle,8,2025-07-06 11:00:00,284.48,1032,Delhi
INV1133,PRD1003,Bread Loaf,3,2025-07-06 12:00:00,469.04,1013,Mumbai
INV1134,PRD1004,Egg Pack,9,2025-07-06 13:00:00,35.61,1033,Delhi
INV1135,PRD1005,Fresh Vegetables,3,2025-07-06 14:00:00,215.21,1060,Lucknow
INV1136,PRD1006,Cold Drink,9,2025-07-06 15:00:00,137.48,1003,Delhi
INV1137,PRD1007,Organic Fruits,2,2025-07-06 16:00:00,368.1,1087,Bengaluru
INV1138,PRD1008,Snacks Pack,9,2025-07-06 17:00:00,490.84,1058,Hyderabad
INV1139,PRD1009,Dairy Butter,8,2025-07-06 18:00:00,135.7,1028,Delhi
INV1140,PRD1010,Pack of Chai,9,2025-07-06 19:00:00,330.55,1082,Lucknow
INV1141,PRD1001,Grocery Pack,5,2025-07-06 20:00:00,107.07,1005,Lucknow
INV1142,PRD1002,Milk Bottle,2,2025-07-06 21:00:00,287.01,1096,Delhi
INV1143,PRD1003,Bread Loaf,8,2025-07-06 22:00:00,237.33,1048,Bengaluru
INV1144,PRD1004,Egg Pack,6,2025-07-06 23:00:00,486.28,1039,Delhi
INV1145,PRD1005,Fresh Vegetables,8,2025-07-07 00:00:00,308.18,1082,Delhi
INV1146,PRD1006,Cold Drink,5,2025-07-07 01:00:00,181.26,1064,Mumbai
INV1147,PRD1007,Organic Fruits,2,2025-07-07 02:00:00,65.91,1068,Chennai
INV1148,PRD1008,Snacks Pack,6,2025-07-07 03:00:00,84.11,1026,Bengaluru
INV1149,PRD1009,Dairy Butter,5,2025-07-07 04:00:00,120.41,1079,Mumbai
INV1150,PRD1010,Pack of Chai,5,2025-07-07 05:00:00,132.97,1005,Delhi
INV1151,PRD1001,Grocery Pack,1,2025-07-07 06:00:00,426.8,1012,Kolkata
INV1152,PRD1002,Milk Bottle,2,2025-07-07 07:00:00,285.0,1063,Delhi
INV1153,PRD1003,Bread Loaf,8,2025-07-07 08:00:00,266.46,1061,Mumbai
INV1154,PRD1004,Egg Pack,3,2025-07-07 09:00:00,66.24,1098,Bengaluru
INV1155,PRD1005,Fresh Vegetables,3,2025-07-07 10:00:00,431.47,1018,Jaipur
INV1156,PRD1006,Cold Drink,8,2025-07-07 11:00:00,364.18,1075,Delhi
INV1157,PRD1007,Organic Fruits,8,2025-07-07 12:00:00,43.16,1079,Hyderabad
INV1158,PRD1008,Snacks Pack,2,2025-07-07 13:00:00,356.84,1042,Pune
INV1159,PRD1009,Dairy Butter,8,2025-07-07 14:00:00,276.33,1073,Delhi
INV1160,PRD1010,Pack of Chai,1,2025-07-07 15:00:00,50.05,1088,Hyderabad
INV1161,PRD1001,Grocery Pack,6,2025-07-07 16:00:00,234.57,1019,Delhi
INV1162,PRD1002,Milk Bottle,8,2025-07-07 17:00:00,247.5,1094,Chennai
INV1163,PRD1003,Bread Loaf,3,2025-07-07 18:00:00,91.23,1067,Chennai
INV1164,PRD1004,Egg Pack,8,2025-07-07 19:00:00,473.39,1043,Chennai
INV1165,PRD1005,Fresh Vegetables,1,2025-07-07 20:00:00,426.49,1022,Mumbai
INV1166,PRD1006,Cold Drink,9,2025-07-07 21:00:00,337.82,1001,Ahmedabad
INV1167,PRD1007,Organic Fruits,9,2025-07-07 22:00:00,236.52,1021,Delhi
INV1168,PRD1008,Snacks Pack,5,2025-07-07 23:00:00,211.77,1056,Mumbai
INV1169,PRD1009,Dairy Butter,4,2025-07-08 00:00:00,328.98,1071,Mumbai
INV1170,PRD1010,Pack of Chai,6,2025-07-08 01:00:00,277.26,1006,Chennai
INV1171,PRD1001,Grocery Pack,7,2025-07-08 02:00:00,40.51,1077,Hyderabad
INV1172,PRD1002,Milk Bottle,5,2025-07-08 03:00:00,261.13,1055,Mumbai
INV1173,PRD1003,Bread Loaf,9,2025-07-08 04:00:00,405.14,1066,Bengaluru
INV1174,PRD1004,Egg Pack,3,2025-07-08 05:00:00,235.03,1015,Delhi
INV1175,PRD1005,Fresh Vegetables,7,2025-07-08 06:00:00,35.46,1082,Chennai
INV1176,PRD1006,Cold Drink,5,2025-07-08 07:00:00,395.28,1050,Mumbai
INV1177,PRD1007,Organic Fruits,7,2025-07-08 08:00:00,108.67,1081,Hyderabad
INV1178,PRD1008,Snacks Pack,2,2025-07-08 09:00:00,136.72,1079,Bengaluru
INV1179,PRD1009,Dairy Butter,4,2025-07-08 10:00:00,90.71,1071,Kolkata
INV1180,PRD1010,Pack of Chai,2,2025-07-08 11:00:00,171.81,1096,Mumbai
INV1181,PRD1001,Grocery Pack,7,2025-07-08 12:00:00,380.81,1011,Delhi
INV1182,PRD1002,Milk Bottle,2,2025-07-08 13:00:00,264.5,1052,Mumbai
INV1183,PRD1003,Bread Loaf,1,2025-07-08 14:00:00,110.39,1074,Kolkata
INV1184,PRD1004,Egg Pack,9,2025-07-08 15:00:00,440.14,1004,Ahmedabad
INV1185,PRD1005,Fresh Vegetables,1,2025-07-08 16:00:00,441.0,1026,Delhi
INV1186,PRD1006,Cold Drink,8,2025-07-08 17:00:00,436.58,1011,Hyderabad
INV1187,PRD1007,Organic Fruits,2,2025-07-08 18:00:00,127.01,1016,Pune
INV1188,PRD1008,Snacks Pack,8,2025-07-08 19:00:00,231.11,1005,Chennai
INV1189,PRD1009,Dairy Butter,3,2025-07-08 20:00:00,492.64,1096,Bengaluru
INV1190,PRD1010,Pack of Chai,6,2025-07-08 21:00:00,388.29,1004,Delhi
INV1191,PRD1001,Grocery Pack,3,2025-07-08 22:00:00,23.31,1056,Mumbai
INV1192,PRD1002,Milk Bottle,7,2025-07-08 23:00:00,41.95,1027,Kolkata
INV1193,PRD1003,Bread Loaf,9,2025-07-09 00:00:00,237.33,1077,Kolkata
INV1194,PRD1004,Egg Pack,2,2025-07-09 01:00:00,455.52,1068,Chennai
INV1195,PRD1005,Fresh Vegetables,5,2025-07-09 02:00:00,273.96,1058,Delhi
INV1196,PRD1006,Cold Drink,6,2025-07-09 03:00:00,253.93,1032,Delhi
INV1197,PRD1007,Organic Fruits,4,2025-07-09 04:00:00,61.68,1061,Hyderabad
INV1198,PRD1008,Snacks Pack,4,2025-07-09 05:00:00,331.82,1049,Kolkata
INV1199,PRD1009,Dairy Butter,4,2025-07-09 06:00:00,412.83,1018,Ahmedabad
INV1200,PRD1010,Pack of Chai,2,2025-07-09 07:00:00,196.41,1085,Pune
INV1201,PRD1001,Grocery Pack,4,2025-07-09 08:00:00,390.05,1068,Chennai
INV1202,PRD1002,Milk Bottle,1,2025-07-09 09:00:00,482.59,1065,Mumbai
INV1203,PRD1003,Bread Loaf,6,2025-07-09 10:00:00,109.85,1093,Mumbai
INV1204,PRD1004,Egg Pack,1,2025-07-09 11:00:00,266.43,1046,Kolkata
INV1205,PRD1005,Fresh Vegetables,6,2025-07-09 12:00:00,150.7,1038,Chennai
INV1206,PRD1006,Cold Drink,1,2025-07-09 13:00:00,398.5,1067,Mumbai
INV1207,PRD1007,Organic Fruits,6,2025-07-09 14:00:00,293.02,1032,Mumbai
INV1208,PRD1008,Snacks Pack,8,2025-07-09 15:00:00,320.95,1012,Hyderabad
INV1209,PRD1009,Dairy Butter,2,2025-07-09 16:00:00,400.98,1083,Mumbai
INV1210,PRD1010,Pack of Chai,2,2025-07-09 17:00:00,204.03,1053,Mumbai
INV1211,PRD1001,Grocery Pack,4,2025-07-09 18:00:00,458.39,1006,Chennai
INV1212,PRD1002,Milk Bottle,3,2025-07-09 19:00:00,271.18,1078,Hyderabad
INV1213,PRD1003,Bread Loaf,4,2025-07-09 20:00:00,87.4,1086,Hyderabad
INV1214,PRD1004,Egg Pack,7,2025-07-09 21:00:00,350.99,1013,Delhi
INV1215,PRD1005,Fresh Vegetables,1,2025-07-09 22:00:00,398.7,1086,Hyderabad
INV1216,PRD1006,Cold Drink,6,2025-07-09 23:00:00,165.21,1018,Delhi
INV1217,PRD1007,Organic Fruits,3,2025-07-10 00:00:00,430.02,1053,Delhi
INV1218,PRD1008,Snacks Pack,7,2025-07-10 01:00:00,454.01,1092,Hyderabad
INV1219,PRD1009,Dairy Butter,2,2025-07-10 02:00:00,145.68,1019,Chennai
INV1220,PRD1010,Pack of Chai,2,2025-07-10 03:00:00,491.93,1028,Ahmedabad
INV1221,PRD1001,Grocery Pack,4,2025-07-10 04:00:00,78.95,1023,Hyderabad
INV1222,PRD1002,Milk Bottle,1,2025-07-10 05:00:00,108.99,1081,Chennai
INV1223,PRD1003,Bread Loaf,3,2025-07-10 06:00:00,100.27,1062,Mumbai
INV1224,PRD1004,Egg Pack,9,2025-07-10 07:00:00,448.05,1073,Delhi
INV1225,PRD1005,Fresh Vegetables,7,2025-07-10 08:00:00,330.6,1056,Delhi
INV1226,PRD1006,Cold Drink,7,2025-07-10 09:00:00,84.53,1007,Delhi
INV1227,PRD1007,Organic Fruits,4,2025-07-10 10:00:00,225.76,1089,Lucknow
INV1228,PRD1008,Snacks Pack,2,2025-07-10 11:00:00,311.5,1061,Bengaluru
INV1229,PRD1009,Dairy Butter,4,2025-07-10 12:00:00,50.9,1028,Kolkata
INV1230,PRD1010,Pack of Chai,6,2025-07-10 13:00:00,442.38,1073,Chennai
INV1231,PRD1001,Grocery Pack,3,2025-07-10 14:00:00,403.77,1016,Pune
INV1232,PRD1002,Milk Bottle,1,2025-07-10 15:00:00,257.55,1065,Bengaluru
INV1233,PRD1003,Bread Loaf,8,2025-07-10 16:00:00,483.89,1005,Chennai
INV1234,PRD1004,Egg Pack,5,2025-07-10 17:00:00,214.7,1057,Bengaluru
INV1235,PRD1005,Fresh Vegetables,5,2025-07-10 18:00:00,492.21,1068,Mumbai
INV1236,PRD1006,Cold Drink,4,2025-07-10 19:00:00,337.28,1027,Hyderabad
INV1237,PRD1007,Organic Fruits,6,2025-07-10 20:00:00,320.99,1061,Delhi
INV1238,PRD1008,Snacks Pack,3,2025-07-10 21:00:00,91.32,1040,Mumbai
INV1239,PRD1009,Dairy Butter,9,2025-07-10 22:00:00,442.14,1068,Chennai
INV1240,PRD1010,Pack of Chai,5,2025-07-10 23:00:00,219.47,1081,Mumbai
INV1241,PRD1001,Grocery Pack,3,2025-07-11 00:00:00,89.49,1089,Lucknow
INV1242,PRD1002,Milk Bottle,1,2025-07-11 01:00:00,16.18,1083,Lucknow
INV1243,PRD1003,Bread Loaf,6,2025-07-11 02:00:00,284.28,1040,Kolkata
INV1244,PRD1004,Egg Pack,2,2025-07-11 03:00:00,268.43,1048,Delhi
INV1245,PRD1005,Fresh Vegetables,3,2025-07-11 04:00:00,362.48,1090,Mumbai
INV1246,PRD1006,Cold Drink,1,2025-07-11 05:00:00,446.23,1048,Kolkata
INV1247,PRD1007,Organic Fruits,9,2025-07-11 06:00:00,48.91,1075,Bengaluru
INV1248,PRD1008,Snacks Pack,8,2025-07-11 07:00:00,368.43,1070,Lucknow
INV1249,PRD1009,Dairy Butter,2,2025-07-11 08:00:00,101.83,1002,Lucknow
INV1250,PRD1010,Pack of Chai,8,2025-07-11 09:00:00,430.51,1009,Ahmedabad
INV1251,PRD1001,Grocery Pack,9,2025-07-11 10:00:00,411.34,1097,Delhi
INV1252,PRD1002,Milk Bottle,1,2025-07-11 11:00:00,274.99,1088,Bengaluru
INV1253,PRD1003,Bread Loaf,5,2025-07-11 12:00:00,358.02,1034,Ahmedabad
INV1254,PRD1004,Egg Pack,8,2025-07-11 13:00:00,164.03,1079,Delhi
INV1255,PRD1005,Fresh Vegetables,2,2025-07-11 14:00:00,240.87,1001,Mumbai
INV1256,PRD1006,Cold Drink,4,2025-07-11 15:00:00,412.6,1023,Chennai
INV1257,PRD1007,Organic Fruits,7,2025-07-11 16:00:00,235.04,1073,Kolkata
INV1258,PRD1008,Snacks Pack,3,2025-07-11 17:00:00,185.32,1037,Hyderabad
INV1259,PRD1009,Dairy Butter,5,2025-07-11 18:00:00,252.16,1021,Chennai
INV1260,PRD1010,Pack of Chai,8,2025-07-11 19:00:00,415.84,1025,Mumbai
INV1261,PRD1001,Grocery Pack,3,2025-07-11 20:00:00,174.25,1042,Chennai
INV1262,PRD1002,Milk Bottle,4,2025-07-11 21:00:00,95.14,1054,Jaipur
INV1263,PRD1003,Bread Loaf,9,2025-07-11 22:00:00,358.89,1038,Mumbai
INV1264,PRD1004,Egg Pack,7,2025-07-11 23:00:00,414.73,1090,Bengaluru
INV1265,PRD1005,Fresh Vegetables,1,2025-07-12 00:00:00,59.31,1028,Ahmedabad
INV1266,PRD1006,Cold Drink,4,2025-07-12 01:00:00,127.54,1019,Hyderabad
INV1267,PRD1007,Organic Fruits,4,2025-07-12 02:00:00,79.57,1090,Hyderabad
INV1268,PRD1008,Snacks Pack,9,2025-07-12 03:00:00,180.49,1040,Hyderabad
INV1269,PRD1009,Dairy Butter,6,2025-07-12 04:00:00,230.67,1053,Delhi
INV1270,PRD1010,Pack of Chai,9,2025-07-12 05:00:00,376.92,1019,Delhi
INV1271,PRD1001,Grocery Pack,6,2025-07-12 06:00:00,329.06,1018,Pune
INV1272,PRD1002,Milk Bottle,6,2025-07-12 07:00:00,314.25,1083,Pune
INV1273,PRD1003,Bread Loaf,5,2025-07-12 08:00:00,182.66,1098,Ahmedabad
INV1274,PRD1004,Egg Pack,5,2025-07-12 09:00:00,422.31,1065,Kolkata
INV1275,PRD1005,Fresh Vegetables,2,2025-07-12 10:00:00,240.93,1029,Bengaluru
INV1276,PRD1006,Cold Drink,8,2025-07-12 11:00:00,489.76,1052,Bengaluru
INV1277,PRD1007,Organic Fruits,8,2025-07-12 12:00:00,320.73,1033,Pune
INV1278,PRD1008,Snacks Pack,1,2025-07-12 13:00:00,71.87,1021,Chennai
INV1279,PRD1009,Dairy Butter,8,2025-07-12 14:00:00,341.33,1066,Hyderabad
INV1280,PRD1010,Pack of Chai,5,2025-07-12 15:00:00,169.3,1005,Pune
INV1281,PRD1001,Grocery Pack,2,2025-07-12 16:00:00,346.3,1078,Kolkata
INV1282,PRD1002,Milk Bottle,2,2025-07-12 17:00:00,44.12,1026,Delhi
INV1283,PRD1003,Bread Loaf,6,2025-07-12 18:00:00,95.69,1009,Delhi
INV1284,PRD1004,Egg Pack,9,2025-07-12 19:00:00,429.31,1072,Mumbai
INV1285,PRD1005,Fresh Vegetables,1,2025-07-12 20:00:00,121.32,1096,Chennai
INV1286,PRD1006,Cold Drink,6,2025-07-12 21:00:00,420.15,1095,Mumbai
INV1287,PRD1007,Organic Fruits,9,2025-07-12 22:00:00,146.85,1047,Bengaluru
INV1288,PRD1008,Snacks Pack,8,2025-07-12 23:00:00,325.01,1069,Chennai
INV1289,PRD1009,Dairy Butter,6,2025-07-13 00:00:00,350.13,1058,Delhi
INV1290,PRD1010,Pack of Chai,3,2025-07-13 01:00:00,261.2,1099,Chennai
INV1291,PRD1001,Grocery Pack,8,2025-07-13 02:00:00,159.6,1058,Mumbai
INV1292,PRD1002,Milk Bottle,9,2025-07-13 03:00:00,114.2,1001,Mumbai
INV1293,PRD1003,Bread Loaf,1,2025-07-13 04:00:00,26.26,1028,Pune
INV1294,PRD1004,Egg Pack,9,2025-07-13 05:00:00,158.93,1067,Delhi
INV1295,PRD1005,Fresh Vegetables,6,2025-07-13 06:00:00,330.05,1064,Mumbai
INV1296,PRD1006,Cold Drink,6,2025-07-13 07:00:00,469.77,1082,Bengaluru
INV1297,PRD1007,Organic Fruits,4,2025-07-13 08:00:00,436.89,1025,Pune
INV1298,PRD1008,Snacks Pack,1,2025-07-13 09:00:00,385.37,1088,Delhi
INV1299,PRD1009,Dairy Butter,8,2025-07-13 10:00:00,396.34,1009,Chennai
INV1300,PRD1010,Pack of Chai,2,2025-07-13 11:00:00,335.84,1052,Mumbai
INV1301,PRD1001,Grocery Pack,1,2025-07-13 12:00:00,137.54,1078,Mumbai
INV1302,PRD1002,Milk Bottle,2,2025-07-13 13:00:00,454.53,1058,Chennai
INV1303,PRD1003,Bread Loaf,1,2025-07-13 14:00:00,338.66,1021,Chennai
INV1304,PRD1004,Egg Pack,1,2025-07-13 15:00:00,284.62,1050,Chennai
INV1305,PRD1005,Fresh Vegetables,9,2025-07-13 16:00:00,64.38,1047,Hyderabad
INV1306,PRD1006,Cold Drink,1,2025-07-13 17:00:00,229.06,1020,Lucknow
INV1307,PRD1007,Organic Fruits,4,2025-07-13 18:00:00,235.58,1021,Bengaluru
INV1308,PRD1008,Snacks Pack,6,2025-07-13 19:00:00,433.64,1099,Delhi
INV1309,PRD1009,Dairy Butter,7,2025-07-13 20:00:00,277.86,1097,Pune
INV1310,PRD1010,Pack of Chai,2,2025-07-13 21:00:00,196.4,1029,Delhi
INV1311,PRD1001,Grocery Pack,6,2025-07-13 22:00:00,488.63,1024,Bengaluru
INV1312,PRD1002,Milk Bottle,7,2025-07-13 23:00:00,64.25,1027,Mumbai
INV1313,PRD1003,Bread Loaf,2,2025-07-14 00:00:00,217.05,1064,Mumbai
INV1314,PRD1004,Egg Pack,2,2025-07-14 01:00:00,30.59,1044,Lucknow
INV1315,PRD1005,Fresh Vegetables,7,2025-07-14 02:00:00,372.55,1067,Ahmedabad
INV1316,PRD1006,Cold Drink,1,2025-07-14 03:00:00,459.86,1006,Hyderabad
INV1317,PRD1007,Organic Fruits,8,2025-07-14 04:00:00,147.22,1048,Bengaluru
INV1318,PRD1008,Snacks Pack,3,2025-07-14 05:00:00,430.59,1008,Mumbai
INV1319,PRD1009,Dairy Butter,6,2025-07-14 06:00:00,153.19,1035,Mumbai
INV1320,PRD1010,Pack of Chai,9,2025-07-14 07:00:00,456.28,1082,Delhi
INV1321,PRD1001,Grocery Pack,6,2025-07-14 08:00:00,379.44,1000,Chennai
INV1322,PRD1002,Milk Bottle,9,2025-07-14 09:00:00,404.4,1009,Hyderabad
INV1323,PRD1003,Bread Loaf,7,2025-07-14 10:00:00,18.82,1035,Hyderabad
INV1324,PRD1004,Egg Pack,9,2025-07-14 11:00:00,481.78,1072,Delhi
INV1325,PRD1005,Fresh Vegetables,2,2025-07-14 12:00:00,366.07,1045,Lucknow
INV1326,PRD1006,Cold Drink,8,2025-07-14 13:00:00,159.33,1031,Hyderabad
INV1327,PRD1007,Organic Fruits,8,2025-07-14 14:00:00,416.4,1031,Chennai
INV1328,PRD1008,Snacks Pack,2,2025-07-14 15:00:00,147.95,1005,Chennai
INV1329,PRD1009,Dairy Butter,4,2025-07-14 16:00:00,437.65,1047,Bengaluru
INV1330,PRD1010,Pack of Chai,7,2025-07-14 17:00:00,65.16,1037,Delhi
INV1331,PRD1001,Grocery Pack,4,2025-07-14 18:00:00,354.81,1016,Delhi
INV1332,PRD1002,Milk Bottle,4,2025-07-14 19:00:00,274.94,1073,Pune
INV1333,PRD1003,Bread Loaf,6,2025-07-14 20:00:00,57.3,1026,Mumbai
INV1334,PRD1004,Egg Pack,6,2025-07-14 21:00:00,128.53,1053,Mumbai
INV1335,PRD1005,Fresh Vegetables,3,2025-07-14 22:00:00,16.08,1049,Mumbai
INV1336,PRD1006,Cold Drink,9,2025-07-14 23:00:00,239.7,1034,Mumbai
INV1337,PRD1007,Organic Fruits,2,2025-07-15 00:00:00,157.62,1084,Ahmedabad
INV1338,PRD1008,Snacks Pack,6,2025-07-15 01:00:00,303.2,1024,Hyderabad
INV1339,PRD1009,Dairy Butter,7,2025-07-15 02:00:00,155.65,1027,Bengaluru
INV1340,PRD1010,Pack of Chai,9,2025-07-15 03:00:00,156.96,1014,Mumbai
INV1341,PRD1001,Grocery Pack,3,2025-07-15 04:00:00,374.16,1003,Bengaluru
INV1342,PRD1002,Milk Bottle,3,2025-07-15 05:00:00,33.59,1092,Bengaluru
INV1343,PRD1003,Bread Loaf,7,2025-07-15 06:00:00,452.42,1072,Mumbai
INV1344,PRD1004,Egg Pack,4,2025-07-15 07:00:00,427.61,1026,Bengaluru
INV1345,PRD1005,Fresh Vegetables,8,2025-07-15 08:00:00,337.22,1025,Bengaluru
INV1346,PRD1006,Cold Drink,7,2025-07-15 09:00:00,300.68,1018,Chennai
INV1347,PRD1007,Organic Fruits,5,2025-07-15 10:00:00,447.23,1091,Chennai
INV1348,PRD1008,Snacks Pack,7,2025-07-15 11:00:00,100.81,1016,Mumbai
INV1349,PRD1009,Dairy Butter,3,2025-07-15 12:00:00,48.69,1042,Delhi
INV1350,PRD1010,Pack of Chai,2,2025-07-15 13:00:00,127.36,1040,Chennai
INV1351,PRD1001,Grocery Pack,6,2025-07-15 14:00:00,399.34,1041,Bengaluru
INV1352,PRD1002,Milk Bottle,2,2025-07-15 15:00:00,26.99,1049,Ahmedabad
INV1353,PRD1003,Bread Loaf,3,2025-07-15 16:00:00,295.58,1083,Hyderabad
INV1354,PRD1004,Egg Pack,6,2025-07-15 17:00:00,497.76,1039,Mumbai
INV1355,PRD1005,Fresh Vegetables,5,2025-07-15 18:00:00,429.29,1038,Mumbai
INV1356,PRD1006,Cold Drink,8,2025-07-15 19:00:00,265.51,1022,Chennai
INV1357,PRD1007,Organic Fruits,9,2025-07-15 20:00:00,41.18,1095,Mumbai
INV1358,PRD1008,Snacks Pack,3,2025-07-15 21:00:00,417.37,1051,Chennai
INV1359,PRD1009,Dairy Butter,3,2025-07-15 22:00:00,303.5,1046,Lucknow
INV1360,PRD1010,Pack of Chai,3,2025-07-15 23:00:00,66.32,1062,Chennai
INV1361,PRD1001,Grocery Pack,6,2025-07-16 00:00:00,55.99,1096,Bengaluru
INV1362,PRD1002,Milk Bottle,1,2025-07-16 01:00:00,455.72,1068,Chennai
INV1363,PRD1003,Bread Loaf,7,2025-07-16 02:00:00,337.91,1042,Bengaluru
INV1364,PRD1004,Egg Pack,1,2025-07-16 03:00:00,416.35,1047,Chennai
INV1365,PRD1005,Fresh Vegetables,5,2025-07-16 04:00:00,440.7,1033,Lucknow
INV1366,PRD1006,Cold Drink,8,2025-07-16 05:00:00,290.17,1039,Bengaluru
INV1367,PRD1007,Organic Fruits,4,2025-07-16 06:00:00,263.55,1074,Lucknow
INV1368,PRD1008,Snacks Pack,5,2025-07-16 07:00:00,220.91,1060,Kolkata
INV1369,PRD1009,Dairy Butter,4,2025-07-16 08:00:00,165.3,1049,Mumbai
INV1370,PRD1010,Pack of Chai,4,2025-07-16 09:00:00,222.95,1066,Mumbai
INV1371,PRD1001,Grocery Pack,8,2025-07-16 10:00:00,389.2,1061,Mumbai
INV1372,PRD1002,Milk Bottle,2,2025-07-16 11:00:00,304.94,1057,Mumbai
INV1373,PRD1003,Bread Loaf,1,2025-07-16 12:00:00,447.34,1032,Mumbai
INV1374,PRD1004,Egg Pack,3,2025-07-16 13:00:00,227.26,1074,Hyderabad
INV1375,PRD1005,Fresh Vegetables,9,2025-07-16 14:00:00,307.47,1015,Mumbai
INV1376,PRD1006,Cold Drink,4,2025-07-16 15:00:00,319.34,1081,Delhi
INV1377,PRD1007,Organic Fruits,5,2025-07-16 16:00:00,299.93,1093,Ahmedabad
INV1378,PRD1008,Snacks Pack,2,2025-07-16 17:00:00,354.29,1047,Mumbai
INV1379,PRD1009,Dairy Butter,4,2025-07-16 18:00:00,126.34,1009,Pune
INV1380,PRD1010,Pack of Chai,2,2025-07-16 19:00:00,261.06,1081,Delhi
INV1381,PRD1001,Grocery Pack,2,2025-07-16 20:00:00,61.07,1037,Mumbai
INV1382,PRD1002,Milk Bottle,4,2025-07-16 21:00:00,198.41,1018,Hyderabad
INV1383,PRD1003,Bread Loaf,6,2025-07-16 22:00:00,248.96,1035,Chennai
INV1384,PRD1004,Egg Pack,7,2025-07-16 23:00:00,329.59,1058,Ahmedabad
INV1385,PRD1005,Fresh Vegetables,3,2025-07-17 00:00:00,475.76,1062,Hyderabad
INV1386,PRD1006,Cold Drink,3,2025-07-17 01:00:00,304.32,1076,Pune
INV1387,PRD1007,Organic Fruits,6,2025-07-17 02:00:00,374.36,1045,Delhi
INV1388,PRD1008,Snacks Pack,3,2025-07-17 03:00:00,258.07,1002,Mumbai
INV1389,PRD1009,Dairy Butter,2,2025-07-17 04:00:00,320.71,1073,Pune
INV1390,PRD1010,Pack of Chai,8,2025-07-17 05:00:00,44.76,1064,Pune
INV1391,PRD1001,Grocery Pack,5,2025-07-17 06:00:00,134.65,1090,Jaipur
INV1392,PRD1002,Milk Bottle,1,2025-07-17 07:00:00,187.31,1007,Bengaluru
INV1393,PRD1003,Bread Loaf,3,2025-07-17 08:00:00,241.52,1050,Delhi
INV1394,PRD1004,Egg Pack,8,2025-07-17 09:00:00,32.37,1080,Pune
INV1395,PRD1005,Fresh Vegetables,4,2025-07-17 10:00:00,78.61,1072,Delhi
INV1396,PRD1006,Cold Drink,7,2025-07-17 11:00:00,145.64,1005,Kolkata
INV1397,PRD1007,Organic Fruits,2,2025-07-17 12:00:00,486.05,1088,Ahmedabad
INV1398,PRD1008,Snacks Pack,7,2025-07-17 13:00:00,172.36,1038,Bengaluru
INV1399,PRD1009,Dairy Butter,5,2025-07-17 14:00:00,246.2,1059,Pune
INV1400,PRD1010,Pack of Chai,5,2025-07-17 15:00:00,106.09,1027,Pune
INV1401,PRD1001,Grocery Pack,6,2025-07-17 16:00:00,309.28,1096,Mumbai
INV1402,PRD1002,Milk Bottle,9,2025-07-17 17:00:00,147.53,1053,Kolkata
INV1403,PRD1003,Bread Loaf,6,2025-07-17 18:00:00,111.43,1036,Bengaluru
INV1404,PRD1004,Egg Pack,8,2025-07-17 19:00:00,263.12,1008,Pune
INV1405,PRD1005,Fresh Vegetables,7,2025-07-17 20:00:00,12.7,1081,Delhi
INV1406,PRD1006,Cold Drink,9,2025-07-17 21:00:00,13.76,1055,Kolkata
INV1407,PRD1007,Organic Fruits,4,2025-07-17 22:00:00,117.34,1058,Bengaluru
INV1408,PRD1008,Snacks Pack,2,2025-07-17 23:00:00,27.99,1084,Mumbai
INV1409,PRD1009,Dairy Butter,7,2025-07-18 00:00:00,62.93,1001,Kolkata
INV1410,PRD1010,Pack of Chai,6,2025-07-18 01:00:00,176.04,1060,Mumbai
INV1411,PRD1001,Grocery Pack,1,2025-07-18 02:00:00,403.27,1057,Delhi
INV1412,PRD1002,Milk Bottle,9,2025-07-18 03:00:00,290.3,1059,Lucknow
INV1413,PRD1003,Bread Loaf,9,2025-07-18 04:00:00,261.21,1039,Lucknow
INV1414,PRD1004,Egg Pack,2,2025-07-18 05:00:00,153.81,1035,Chennai
INV1415,PRD1005,Fresh Vegetables,3,2025-07-18 06:00:00,466.56,1036,Chennai
INV1416,PRD1006,Cold Drink,5,2025-07-18 07:00:00,204.54,1078,Bengaluru
INV1417,PRD1007,Organic Fruits,5,2025-07-18 08:00:00,52.68,1091,Delhi
INV1418,PRD1008,Snacks Pack,1,2025-07-18 09:00:00,312.36,1017,Delhi
INV1419,PRD1009,Dairy Butter,8,2025-07-18 10:00:00,65.78,1097,Hyderabad
INV1420,PRD1010,Pack of Chai,8,2025-07-18 11:00:00,179.16,1062,Pune
INV1421,PRD1001,Grocery Pack,4,2025-07-18 12:00:00,258.63,1021,Pune
INV1422,PRD1002,Milk Bottle,7,2025-07-18 13:00:00,438.37,1010,Pune
INV1423,PRD1003,Bread Loaf,3,2025-07-18 14:00:00,251.84,1057,Mumbai
INV1424,PRD1004,Egg Pack,6,2025-07-18 15:00:00,354.11,1056,Bengaluru
INV1425,PRD1005,Fresh Vegetables,9,2025-07-18 16:00:00,496.48,1076,Mumbai
INV1426,PRD1006,Cold Drink,1,2025-07-18 17:00:00,74.43,1003,Chennai
INV1427,PRD1007,Organic Fruits,5,2025-07-18 18:00:00,144.62,1085,Bengaluru
INV1428,PRD1008,Snacks Pack,4,2025-07-18 19:00:00,203.34,1006,Ahmedabad
INV1429,PRD1009,Dairy Butter,8,2025-07-18 20:00:00,216.7,1060,Delhi
INV1430,PRD1010,Pack of Chai,1,2025-07-18 21:00:00,211.4,1053,Mumbai
INV1431,PRD1001,Grocery Pack,9,2025-07-18 22:00:00,454.73,1087,Mumbai
INV1432,PRD1002,Milk Bottle,6,2025-07-18 23:00:00,359.88,1067,Pune
INV1433,PRD1003,Bread Loaf,4,2025-07-19 00:00:00,307.87,1091,Chennai
INV1434,PRD1004,Egg Pack,9,2025-07-19 01:00:00,161.59,1078,Mumbai
INV1435,PRD1005,Fresh Vegetables,5,2025-07-19 02:00:00,413.66,1000,Mumbai
INV1436,PRD1006,Cold Drink,5,2025-07-19 03:00:00,477.98,1054,Hyderabad
INV1437,PRD1007,Organic Fruits,5,2025-07-19 04:00:00,412.39,1002,Mumbai
INV1438,PRD1008,Snacks Pack,1,2025-07-19 05:00:00,10.77,1077,Pune
INV1439,PRD1009,Dairy Butter,1,2025-07-19 06:00:00,321.84,1037,Hyderabad
INV1440,PRD1010,Pack of Chai,8,2025-07-19 07:00:00,35.06,1000,Mumbai
INV1441,PRD1001,Grocery Pack,8,2025-07-19 08:00:00,136.23,1037,Mumbai
INV1442,PRD1002,Milk Bottle,6,2025-07-19 09:00:00,39.17,1084,Jaipur
INV1443,PRD1003,Bread Loaf,4,2025-07-19 10:00:00,305.86,1028,Delhi
INV1444,PRD1004,Egg Pack,2,2025-07-19 11:00:00,346.43,1004,Delhi
INV1445,PRD1005,Fresh Vegetables,2,2025-07-19 12:00:00,66.1,1073,Pune
INV1446,PRD1006,Cold Drink,9,2025-07-19 13:00:00,198.08,1091,Lucknow
INV1447,PRD1007,Organic Fruits,5,2025-07-19 14:00:00,233.56,1020,Jaipur
INV1448,PRD1008,Snacks Pack,4,2025-07-19 15:00:00,190.84,1070,Pune
INV1449,PRD1009,Dairy Butter,1,2025-07-19 16:00:00,69.3,1066,Delhi
INV1450,PRD1010,Pack of Chai,7,2025-07-19 17:00:00,215.28,1046,Mumbai
INV1451,PRD1001,Grocery Pack,3,2025-07-19 18:00:00,378.08,1083,Pune
INV1452,PRD1002,Milk Bottle,6,2025-07-19 19:00:00,44.79,1082,Chennai
INV1453,PRD1003,Bread Loaf,5,2025-07-19 20:00:00,49.29,1034,Bengaluru
INV1454,PRD1004,Egg Pack,5,2025-07-19 21:00:00,183.84,1067,Kolkata
INV1455,PRD1005,Fresh Vegetables,5,2025-07-19 22:00:00,471.45,1068,Mumbai
INV1456,PRD1006,Cold Drink,1,2025-07-19 23:00:00,337.6,1000,Bengaluru
INV1457,PRD1007,Organic Fruits,1,2025-07-20 00:00:00,342.55,1067,Mumbai
INV1458,PRD1008,Snacks Pack,3,2025-07-20 01:00:00,187.34,1011,Bengaluru
INV1459,PRD1009,Dairy Butter,4,2025-07-20 02:00:00,300.89,1059,Mumbai
INV1460,PRD1010,Pack of Chai,5,2025-07-20 03:00:00,14.96,1026,Mumbai
INV1461,PRD1001,Grocery Pack,2,2025-07-20 04:00:00,321.69,1055,Mumbai
INV1462,PRD1002,Milk Bottle,8,2025-07-20 05:00:00,457.51,1022,Chennai
INV1463,PRD1003,Bread Loaf,2,2025-07-20 06:00:00,310.16,1024,Hyderabad
INV1464,PRD1004,Egg Pack,9,2025-07-20 07:00:00,438.11,1020,Chennai
INV1465,PRD1005,Fresh Vegetables,2,2025-07-20 08:00:00,364.75,1060,Lucknow
INV1466,PRD1006,Cold Drink,9,2025-07-20 09:00:00,69.07,1062,Delhi
INV1467,PRD1007,Organic Fruits,7,2025-07-20 10:00:00,452.2,1051,Delhi
INV1468,PRD1008,Snacks Pack,8,2025-07-20 11:00:00,42.56,1087,Ahmedabad
INV1469,PRD1009,Dairy Butter,2,2025-07-20 12:00:00,271.64,1024,Delhi
INV1470,PRD1010,Pack of Chai,7,2025-07-20 13:00:00,79.65,1054,Lucknow
INV1471,PRD1001,Grocery Pack,6,2025-07-20 14:00:00,15.74,1045,Mumbai
INV1472,PRD1002,Milk Bottle,4,2025-07-20 15:00:00,216.8,1031,Lucknow
INV1473,PRD1003,Bread Loaf,7,2025-07-20 16:00:00,154.57,1054,Mumbai
INV1474,PRD1004,Egg Pack,4,2025-07-20 17:00:00,248.14,1095,Kolkata
INV1475,PRD1005,Fresh Vegetables,2,2025-07-20 18:00:00,292.83,1004,Bengaluru
INV1476,PRD1006,Cold Drink,7,2025-07-20 19:00:00,31.43,1035,Jaipur
INV1477,PRD1007,Organic Fruits,8,2025-07-20 20:00:00,70.27,1048,Mumbai
INV1478,PRD1008,Snacks Pack,2,2025-07-20 21:00:00,283.73,1057,Chennai
INV1479,PRD1009,Dairy Butter,5,2025-07-20 22:00:00,178.15,1038,Lucknow
INV1480,PRD1010,Pack of Chai,1,2025-07-20 23:00:00,367.3,1079,Bengaluru
INV1481,PRD1001,Grocery Pack,7,2025-07-21 00:00:00,329.62,1096,Chennai
INV1482,PRD1002,Milk Bottle,8,2025-07-21 01:00:00,424.35,1084,Hyderabad
INV1483,PRD1003,Bread Loaf,6,2025-07-21 02:00:00,349.32,1060,Bengaluru
INV1484,PRD1004,Egg Pack,5,2025-07-21 03:00:00,220.67,1008,Chennai
INV1485,PRD1005,Fresh Vegetables,6,2025-07-21 04:00:00,339.75,1005,Chennai
INV1486,PRD1006,Cold Drink,2,2025-07-21 05:00:00,144.94,1034,Kolkata
INV1487,PRD1007,Organic Fruits,1,2025-07-21 06:00:00,160.09,1038,Mumbai
INV1488,PRD1008,Snacks Pack,7,2025-07-21 07:00:00,396.6,1021,Delhi
INV1489,PRD1009,Dairy Butter,7,2025-07-21 08:00:00,228.75,1040,Lucknow
INV1490,PRD1010,Pack of Chai,2,2025-07-21 09:00:00,401.21,1004,Kolkata
INV1491,PRD1001,Grocery Pack,2,2025-07-21 10:00:00,412.99,1041,Bengaluru
INV1492,PRD1002,Milk Bottle,1,2025-07-21 11:00:00,430.21,1086,Chennai
INV1493,PRD1003,Bread Loaf,8,2025-07-21 12:00:00,459.15,1080,Delhi
INV1494,PRD1004,Egg Pack,8,2025-07-21 13:00:00,221.18,1075,Mumbai
INV1495,PRD1005,Fresh Vegetables,1,2025-07-21 14:00:00,166.24,1086,Bengaluru
INV1496,PRD1006,Cold Drink,8,2025-07-21 15:00:00,295.28,1079,Delhi
INV1497,PRD1007,Organic Fruits,9,2025-07-21 16:00:00,191.87,1066,Chennai
INV1498,PRD1008,Snacks Pack,4,2025-07-21 17:00:00,304.53,1029,Mumbai
INV1499,PRD1009,Dairy Butter,1,2025-07-21 18:00:00,355.74,1056,Lucknow
INV1500,PRD1010,Pack of Chai,1,2025-07-21 19:00:00,347.32,1085,Jaipur
INV1501,PRD1001,Grocery Pack,3,2025-07-21 20:00:00,193.53,1072,Hyderabad
INV1502,PRD1002,Milk Bottle,5,2025-07-21 21:00:00,91.76,1028,Chennai
INV1503,PRD1003,Bread Loaf,5,2025-07-21 22:00:00,220.96,1036,Delhi
INV1504,PRD1004,Egg Pack,9,2025-07-21 23:00:00,79.87,1086,Pune
INV1505,PRD1005,Fresh Vegetables,2,2025-07-22 00:00:00,446.15,1012,Hyderabad
INV1506,PRD1006,Cold Drink,2,2025-07-22 01:00:00,179.48,1031,Mumbai
INV1507,PRD1007,Organic Fruits,6,2025-07-22 02:00:00,85.69,1045,Kolkata
INV1508,PRD1008,Snacks Pack,9,2025-07-22 03:00:00,22.47,1022,Pune
INV1509,PRD1009,Dairy Butter,1,2025-07-22 04:00:00,326.45,1044,Lucknow
INV1510,PRD1010,Pack of Chai,9,2025-07-22 05:00:00,322.08,1016,Hyderabad
INV1511,PRD1001,Grocery Pack,9,2025-07-22 06:00:00,176.9,1084,Chennai
INV1512,PRD1002,Milk Bottle,9,2025-07-22 07:00:00,45.14,1065,Bengaluru
INV1513,PRD1003,Bread Loaf,5,2025-07-22 08:00:00,210.72,1005,Kolkata
INV1514,PRD1004,Egg Pack,9,2025-07-22 09:00:00,162.5,1017,Ahmedabad
INV1515,PRD1005,Fresh Vegetables,4,2025-07-22 10:00:00,341.79,1093,Mumbai
INV1516,PRD1006,Cold Drink,2,2025-07-22 11:00:00,306.83,1021,Mumbai
INV1517,PRD1007,Organic Fruits,6,2025-07-22 12:00:00,188.65,1032,Delhi
INV1518,PRD1008,Snacks Pack,4,2025-07-22 13:00:00,116.77,1029,Pune
INV1519,PRD1009,Dairy Butter,6,2025-07-22 14:00:00,494.14,1080,Jaipur
INV1520,PRD1010,Pack of Chai,3,2025-07-22 15:00:00,232.46,1031,Mumbai
INV1521,PRD1001,Grocery Pack,6,2025-07-22 16:00:00,347.25,1041,Chennai
INV1522,PRD1002,Milk Bottle,2,2025-07-22 17:00:00,78.87,1077,Bengaluru
INV1523,PRD1003,Bread Loaf,2,2025-07-22 18:00:00,247.94,1009,Lucknow
INV1524,PRD1004,Egg Pack,9,2025-07-22 19:00:00,23.49,1035,Ahmedabad
INV1525,PRD1005,Fresh Vegetables,7,2025-07-22 20:00:00,257.67,1033,Ahmedabad
INV1526,PRD1006,Cold Drink,3,2025-07-22 21:00:00,482.37,1072,Bengaluru
INV1527,PRD1007,Organic Fruits,1,2025-07-22 22:00:00,198.26,1027,Bengaluru
INV1528,PRD1008,Snacks Pack,8,2025-07-22 23:00:00,29.11,1010,Delhi
INV1529,PRD1009,Dairy Butter,6,2025-07-23 00:00:00,25.17,1077,Mumbai
INV1530,PRD1010,Pack of Chai,7,2025-07-23 01:00:00,200.11,1038,Ahmedabad
INV1531,PRD1001,Grocery Pack,9,2025-07-23 02:00:00,88.41,1046,Pune
INV1532,PRD1002,Milk Bottle,5,2025-07-23 03:00:00,21.44,1018,Jaipur
INV1533,PRD1003,Bread Loaf,1,2025-07-23 04:00:00,380.54,1014,Jaipur
INV1534,PRD1004,Egg Pack,7,2025-07-23 05:00:00,234.68,1027,Chennai
INV1535,PRD1005,Fresh Vegetables,5,2025-07-23 06:00:00,151.73,1023,Pune
INV1536,PRD1006,Cold Drink,3,2025-07-23 07:00:00,451.04,1071,Lucknow
INV1537,PRD1007,Organic Fruits,9,2025-07-23 08:00:00,66.91,1008,Ahmedabad
INV1538,PRD1008,Snacks Pack,1,2025-07-23 09:00:00,478.4,1046,Delhi
INV1539,PRD1009,Dairy Butter,1,2025-07-23 10:00:00,163.84,1032,Bengaluru
INV1540,PRD1010,Pack of Chai,1,2025-07-23 11:00:00,445.32,1061,Mumbai
INV1541,PRD1001,Grocery Pack,3,2025-07-23 12:00:00,305.44,1096,Lucknow
INV1542,PRD1002,Milk Bottle,6,2025-07-23 13:00:00,415.09,1018,Chennai
INV1543,PRD1003,Bread Loaf,3,2025-07-23 14:00:00,492.17,1066,Delhi
INV1544,PRD1004,Egg Pack,8,2025-07-23 15:00:00,151.32,1073,Hyderabad
INV1545,PRD1005,Fresh Vegetables,2,2025-07-23 16:00:00,480.96,1039,Chennai
INV1546,PRD1006,Cold Drink,9,2025-07-23 17:00:00,200.85,1046,Delhi
INV1547,PRD1007,Organic Fruits,3,2025-07-23 18:00:00,198.9,1064,Mumbai
INV1548,PRD1008,Snacks Pack,5,2025-07-23 19:00:00,176.79,1028,Hyderabad
INV1549,PRD1009,Dairy Butter,8,2025-07-23 20:00:00,275.29,1049,Bengaluru
INV1550,PRD1010,Pack of Chai,2,2025-07-23 21:00:00,85.53,1097,Pune
INV1551,PRD1001,Grocery Pack,6,2025-07-23 22:00:00,281.32,1012,Bengaluru
INV1552,PRD1002,Milk Bottle,5,2025-07-23 23:00:00,275.44,1000,Ahmedabad
INV1553,PRD1003,Bread Loaf,9,2025-07-24 00:00:00,383.33,1033,Chennai
INV1554,PRD1004,Egg Pack,5,2025-07-24 01:00:00,418.49,1092,Chennai
INV1555,PRD1005,Fresh Vegetables,2,2025-07-24 02:00:00,225.82,1047,Ahmedabad
INV1556,PRD1006,Cold Drink,5,2025-07-24 03:00:00,158.14,1076,Bengaluru
INV1557,PRD1007,Organic Fruits,4,2025-07-24 04:00:00,137.07,1047,Mumbai
INV1558,PRD1008,Snacks Pack,7,2025-07-24 05:00:00,105.37,1048,Mumbai
INV1559,PRD1009,Dairy Butter,6,2025-07-24 06:00:00,38.25,1063,Pune
INV1560,PRD1010,Pack of Chai,2,2025-07-24 07:00:00,177.8,1060,Chennai
INV1561,PRD1001,Grocery Pack,5,2025-07-24 08:00:00,142.42,1028,Hyderabad
INV1562,PRD1002,Milk Bottle,7,2025-07-24 09:00:00,483.54,1038,Delhi
INV1563,PRD1003,Bread Loaf,7,2025-07-24 10:00:00,283.28,1087,Mumbai
INV1564,PRD1004,Egg Pack,5,2025-07-24 11:00:00,180.17,1025,Mumbai
INV1565,PRD1005,Fresh Vegetables,9,2025-07-24 12:00:00,294.43,1016,Delhi
INV1566,PRD1006,Cold Drink,4,2025-07-24 13:00:00,78.21,1070,Chennai
INV1567,PRD1007,Organic Fruits,3,2025-07-24 14:00:00,227.58,1012,Bengaluru
INV1568,PRD1008,Snacks Pack,4,2025-07-24 15:00:00,316.85,1068,Bengaluru
INV1569,PRD1009,Dairy Butter,5,2025-07-24 16:00:00,249.56,1025,Kolkata
INV1570,PRD1010,Pack of Chai,6,2025-07-24 17:00:00,206.87,1048,Delhi
INV1571,PRD1001,Grocery Pack,3,2025-07-24 18:00:00,496.99,1066,Bengaluru
INV1572,PRD1002,Milk Bottle,2,2025-07-24 19:00:00,441.35,1006,Pune
INV1573,PRD1003,Bread Loaf,4,2025-07-24 20:00:00,315.47,1057,Bengaluru
INV1574,PRD1004,Egg Pack,5,2025-07-24 21:00:00,288.99,1048,Chennai
INV1575,PRD1005,Fresh Vegetables,4,2025-07-24 22:00:00,314.12,1052,Ahmedabad
INV1576,PRD1006,Cold Drink,3,2025-07-24 23:00:00,108.64,1064,Lucknow
INV1577,PRD1007,Organic Fruits,8,2025-07-25 00:00:00,203.62,1061,Mumbai
INV1578,PRD1008,Snacks Pack,4,2025-07-25 01:00:00,29.34,1016,Kolkata
INV1579,PRD1009,Dairy Butter,2,2025-07-25 02:00:00,243.02,1042,Bengaluru
INV1580,PRD1010,Pack of Chai,2,2025-07-25 03:00:00,276.08,1024,Delhi
INV1581,PRD1001,Grocery Pack,1,2025-07-25 04:00:00,121.6,1002,Bengaluru
INV1582,PRD1002,Milk Bottle,4,2025-07-25 05:00:00,482.37,1078,Jaipur
INV1583,PRD1003,Bread Loaf,9,2025-07-25 06:00:00,455.63,1028,Bengaluru
INV1584,PRD1004,Egg Pack,7,2025-07-25 07:00:00,363.85,1031,Delhi
INV1585,PRD1005,Fresh Vegetables,7,2025-07-25 08:00:00,271.36,1025,Chennai
INV1586,PRD1006,Cold Drink,7,2025-07-25 09:00:00,436.28,1015,Delhi
INV1587,PRD1007,Organic Fruits,8,2025-07-25 10:00:00,74.02,1024,Mumbai
INV1588,PRD1008,Snacks Pack,1,2025-07-25 11:00:00,397.35,1053,Mumbai
INV1589,PRD1009,Dairy Butter,8,2025-07-25 12:00:00,71.16,1027,Mumbai
INV1590,PRD1010,Pack of Chai,4,2025-07-25 13:00:00,399.16,1072,Mumbai
INV1591,PRD1001,Grocery Pack,4,2025-07-25 14:00:00,145.13,1055,Mumbai
INV1592,PRD1002,Milk Bottle,4,2025-07-25 15:00:00,439.77,1064,Chennai
INV1593,PRD1003,Bread Loaf,6,2025-07-25 16:00:00,472.58,1092,Mumbai
INV1594,PRD1004,Egg Pack,7,2025-07-25 17:00:00,82.91,1085,Delhi
INV1595,PRD1005,Fresh Vegetables,6,2025-07-25 18:00:00,236.71,1079,Kolkata
INV1596,PRD1006,Cold Drink,1,2025-07-25 19:00:00,490.68,1040,Bengaluru
INV1597,PRD1007,Organic Fruits,8,2025-07-25 20:00:00,246.87,1050,Hyderabad
INV1598,PRD1008,Snacks Pack,7,2025-07-25 21:00:00,433.14,1070,Mumbai
INV1599,PRD1009,Dairy Butter,6,2025-07-25 22:00:00,298.48,1077,Mumbai
INV1600,PRD1010,Pack of Chai,6,2025-07-25 23:00:00,193.91,1028,Mumbai
INV1601,PRD1001,Grocery Pack,5,2025-07-26 00:00:00,150.03,1082,Mumbai
INV1602,PRD1002,Milk Bottle,6,2025-07-26 01:00:00,109.58,1018,Delhi
INV1603,PRD1003,Bread Loaf,9,2025-07-26 02:00:00,383.28,1065,Mumbai
INV1604,PRD1004,Egg Pack,9,2025-07-26 03:00:00,199.4,1040,Mumbai
INV1605,PRD1005,Fresh Vegetables,8,2025-07-26 04:00:00,260.52,1044,Mumbai
INV1606,PRD1006,Cold Drink,9,2025-07-26 05:00:00,251.24,1014,Bengaluru
INV1607,PRD1007,Organic Fruits,8,2025-07-26 06:00:00,292.87,1002,Delhi
INV1608,PRD1008,Snacks Pack,8,2025-07-26 07:00:00,434.13,1010,Delhi
INV1609,PRD1009,Dairy Butter,1,2025-07-26 08:00:00,490.56,1052,Bengaluru
INV1610,PRD1010,Pack of Chai,5,2025-07-26 09:00:00,209.72,1045,Hyderabad
INV1611,PRD1001,Grocery Pack,4,2025-07-26 10:00:00,415.48,1029,Mumbai
INV1612,PRD1002,Milk Bottle,2,2025-07-26 11:00:00,384.62,1056,Pune
INV1613,PRD1003,Bread Loaf,8,2025-07-26 12:00:00,291.03,1017,Chennai
INV1614,PRD1004,Egg Pack,3,2025-07-26 13:00:00,478.46,1050,Mumbai
INV1615,PRD1005,Fresh Vegetables,4,2025-07-26 14:00:00,108.23,1047,Ahmedabad
INV1616,PRD1006,Cold Drink,7,2025-07-26 15:00:00,63.54,1065,Kolkata
INV1617,PRD1007,Organic Fruits,9,2025-07-26 16:00:00,428.44,1095,Mumbai
INV1618,PRD1008,Snacks Pack,2,2025-07-26 17:00:00,225.18,1007,Delhi
INV1619,PRD1009,Dairy Butter,3,2025-07-26 18:00:00,425.01,1021,Pune
INV1620,PRD1010,Pack of Chai,4,2025-07-26 19:00:00,447.61,1005,Hyderabad
INV1621,PRD1001,Grocery Pack,1,2025-07-26 20:00:00,40.6,1075,Mumbai
INV1622,PRD1002,Milk Bottle,7,2025-07-26 21:00:00,442.9,1056,Delhi
INV1623,PRD1003,Bread Loaf,2,2025-07-26 22:00:00,229.68,1035,Delhi
INV1624,PRD1004,Egg Pack,5,2025-07-26 23:00:00,260.11,1078,Bengaluru
INV1625,PRD1005,Fresh Vegetables,1,2025-07-27 00:00:00,317.03,1091,Chennai
INV1626,PRD1006,Cold Drink,3,2025-07-27 01:00:00,463.93,1056,Delhi
INV1627,PRD1007,Organic Fruits,2,2025-07-27 02:00:00,19.37,1048,Bengaluru
INV1628,PRD1008,Snacks Pack,1,2025-07-27 03:00:00,243.65,1044,Hyderabad
INV1629,PRD1009,Dairy Butter,7,2025-07-27 04:00:00,346.98,1081,Mumbai
INV1630,PRD1010,Pack of Chai,5,2025-07-27 05:00:00,364.13,1065,Delhi
INV1631,PRD1001,Grocery Pack,1,2025-07-27 06:00:00,349.34,1076,Hyderabad
INV1632,PRD1002,Milk Bottle,6,2025-07-27 07:00:00,75.87,1044,Kolkata
INV1633,PRD1003,Bread Loaf,5,2025-07-27 08:00:00,156.7,1078,Bengaluru
INV1634,PRD1004,Egg Pack,3,2025-07-27 09:00:00,185.77,1019,Chennai
INV1635,PRD1005,Fresh Vegetables,7,2025-07-27 10:00:00,404.17,1063,Mumbai
INV1636,PRD1006,Cold Drink,9,2025-07-27 11:00:00,146.59,1092,Bengaluru
INV1637,PRD1007,Organic Fruits,9,2025-07-27 12:00:00,113.25,1092,Chennai
INV1638,PRD1008,Snacks Pack,9,2025-07-27 13:00:00,479.15,1066,Delhi
INV1639,PRD1009,Dairy Butter,2,2025-07-27 14:00:00,14.34,1082,Delhi
INV1640,PRD1010,Pack of Chai,3,2025-07-27 15:00:00,498.93,1002,Delhi
INV1641,PRD1001,Grocery Pack,7,2025-07-27 16:00:00,341.64,1053,Mumbai
INV1642,PRD1002,Milk Bottle,5,2025-07-27 17:00:00,415.95,1077,Delhi
INV1643,PRD1003,Bread Loaf,2,2025-07-27 18:00:00,154.36,1063,Delhi
INV1644,PRD1004,Egg Pack,3,2025-07-27 19:00:00,17.01,1039,Delhi
INV1645,PRD1005,Fresh Vegetables,6,2025-07-27 20:00:00,371.56,1058,Mumbai
INV1646,PRD1006,Cold Drink,7,2025-07-27 21:00:00,418.73,1054,Kolkata
INV1647,PRD1007,Organic Fruits,9,2025-07-27 22:00:00,372.83,1061,Chennai
INV1648,PRD1008,Snacks Pack,1,2025-07-27 23:00:00,80.0,1003,Hyderabad
INV1649,PRD1009,Dairy Butter,7,2025-07-28 00:00:00,379.18,1059,Pune
INV1650,PRD1010,Pack of Chai,8,2025-07-28 01:00:00,386.77,1074,Bengaluru
INV1651,PRD1001,Grocery Pack,3,2025-07-28 02:00:00,332.68,1094,Mumbai
INV1652,PRD1002,Milk Bottle,4,2025-07-28 03:00:00,385.4,1095,Chennai
INV1653,PRD1003,Bread Loaf,6,2025-07-28 04:00:00,424.5,1090,Chennai
INV1654,PRD1004,Egg Pack,7,2025-07-28 05:00:00,310.67,1029,Hyderabad
INV1655,PRD1005,Fresh Vegetables,4,2025-07-28 06:00:00,53.42,1001,Bengaluru
INV1656,PRD1006,Cold Drink,8,2025-07-28 07:00:00,248.94,1061,Mumbai
INV1657,PRD1007,Organic Fruits,5,2025-07-28 08:00:00,48.05,1048,Delhi
INV1658,PRD1008,Snacks Pack,1,2025-07-28 09:00:00,209.7,1008,Delhi
INV1659,PRD1009,Dairy Butter,4,2025-07-28 10:00:00,209.48,1091,Chennai
INV1660,PRD1010,Pack of Chai,3,2025-07-28 11:00:00,42.34,1030,Chennai
INV1661,PRD1001,Grocery Pack,9,2025-07-28 12:00:00,180.92,1097,Delhi
INV1662,PRD1002,Milk Bottle,8,2025-07-28 13:00:00,64.39,1060,Jaipur
INV1663,PRD1003,Bread Loaf,1,2025-07-28 14:00:00,406.04,1078,Chennai
INV1664,PRD1004,Egg Pack,6,2025-07-28 15:00:00,474.37,1047,Delhi
INV1665,PRD1005,Fresh Vegetables,9,2025-07-28 16:00:00,45.44,1024,Mumbai
INV1666,PRD1006,Cold Drink,7,2025-07-28 17:00:00,478.01,1035,Mumbai
INV1667,PRD1007,Organic Fruits,4,2025-07-28 18:00:00,266.06,1007,Delhi
INV1668,PRD1008,Snacks Pack,1,2025-07-28 19:00:00,156.79,1072,Mumbai
INV1669,PRD1009,Dairy Butter,2,2025-07-28 20:00:00,47.66,1057,Mumbai
INV1670,PRD1010,Pack of Chai,5,2025-07-28 21:00:00,255.31,1044,Delhi
INV1671,PRD1001,Grocery Pack,5,2025-07-28 22:00:00,399.31,1061,Mumbai
INV1672,PRD1002,Milk Bottle,8,2025-07-28 23:00:00,356.47,1038,Kolkata
INV1673,PRD1003,Bread Loaf,6,2025-07-29 00:00:00,34.61,1095,Mumbai
INV1674,PRD1004,Egg Pack,8,2025-07-29 01:00:00,45.72,1057,Bengaluru
INV1675,PRD1005,Fresh Vegetables,2,2025-07-29 02:00:00,207.41,1080,Bengaluru
INV1676,PRD1006,Cold Drink,3,2025-07-29 03:00:00,154.69,1098,Jaipur
INV1677,PRD1007,Organic Fruits,6,2025-07-29 04:00:00,123.87,1082,Mumbai
INV1678,PRD1008,Snacks Pack,3,2025-07-29 05:00:00,147.69,1063,Bengaluru
INV1679,PRD1009,Dairy Butter,6,2025-07-29 06:00:00,403.71,1043,Lucknow
INV1680,PRD1010,Pack of Chai,6,2025-07-29 07:00:00,465.32,1028,Ahmedabad
INV1681,PRD1001,Grocery Pack,2,2025-07-29 08:00:00,208.5,1058,Pune
INV1682,PRD1002,Milk Bottle,7,2025-07-29 09:00:00,453.99,1070,Delhi
INV1683,PRD1003,Bread Loaf,2,2025-07-29 10:00:00,167.53,1091,Mumbai
INV1684,PRD1004,Egg Pack,6,2025-07-29 11:00:00,243.45,1008,Hyderabad
INV1685,PRD1005,Fresh Vegetables,1,2025-07-29 12:00:00,120.75,1091,Kolkata
INV1686,PRD1006,Cold Drink,3,2025-07-29 13:00:00,323.83,1005,Chennai
INV1687,PRD1007,Organic Fruits,2,2025-07-29 14:00:00,489.7,1028,Chennai
INV1688,PRD1008,Snacks Pack,7,2025-07-29 15:00:00,305.71,1057,Delhi
INV1689,PRD1009,Dairy Butter,4,2025-07-29 16:00:00,185.33,1016,Pune
INV1690,PRD1010,Pack of Chai,8,2025-07-29 17:00:00,327.43,1015,Mumbai
INV1691,PRD1001,Grocery Pack,6,2025-07-29 18:00:00,70.23,1086,Delhi
INV1692,PRD1002,Milk Bottle,4,2025-07-29 19:00:00,445.44,1094,Bengaluru
INV1693,PRD1003,Bread Loaf,5,2025-07-29 20:00:00,256.51,1002,Bengaluru
INV1694,PRD1004,Egg Pack,9,2025-07-29 21:00:00,230.18,1020,Delhi
INV1695,PRD1005,Fresh Vegetables,7,2025-07-29 22:00:00,297.07,1063,Mumbai
INV1696,PRD1006,Cold Drink,9,2025-07-29 23:00:00,316.14,1089,Chennai
INV1697,PRD1007,Organic Fruits,7,2025-07-30 00:00:00,45.17,1035,Delhi
INV1698,PRD1008,Snacks Pack,1,2025-07-30 01:00:00,344.48,1085,Chennai
INV1699,PRD1009,Dairy Butter,8,2025-07-30 02:00:00,128.55,1061,Mumbai
INV1700,PRD1010,Pack of Chai,4,2025-07-30 03:00:00,359.84,1041,Bengaluru
INV1701,PRD1001,Grocery Pack,3,2025-07-30 04:00:00,413.04,1075,Chennai
INV1702,PRD1002,Milk Bottle,7,2025-07-30 05:00:00,403.94,1041,Mumbai
INV1703,PRD1003,Bread Loaf,3,2025-07-30 06:00:00,280.73,1060,Delhi
INV1704,PRD1004,Egg Pack,8,2025-07-30 07:00:00,264.88,1012,Mumbai
INV1705,PRD1005,Fresh Vegetables,6,2025-07-30 08:00:00,80.01,1010,Mumbai
INV1706,PRD1006,Cold Drink,5,2025-07-30 09:00:00,389.92,1053,Jaipur
INV1707,PRD1007,Organic Fruits,4,2025-07-30 10:00:00,142.99,1015,Delhi
INV1708,PRD1008,Snacks Pack,8,2025-07-30 11:00:00,253.38,1007,Pune
INV1709,PRD1009,Dairy Butter,8,2025-07-30 12:00:00,149.29,1058,Delhi
INV1710,PRD1010,Pack of Chai,1,2025-07-30 13:00:00,75.58,1056,Hyderabad
INV1711,PRD1001,Grocery Pack,9,2025-07-30 14:00:00,318.48,1039,Pune
INV1712,PRD1002,Milk Bottle,5,2025-07-30 15:00:00,36.62,1058,Chennai
INV1713,PRD1003,Bread Loaf,4,2025-07-30 16:00:00,376.84,1001,Bengaluru
INV1714,PRD1004,Egg Pack,6,2025-07-30 17:00:00,165.62,1093,Bengaluru
INV1715,PRD1005,Fresh Vegetables,6,2025-07-30 18:00:00,10.07,1093,Delhi
INV1716,PRD1006,Cold Drink,2,2025-07-30 19:00:00,260.45,1075,Kolkata
INV1717,PRD1007,Organic Fruits,8,2025-07-30 20:00:00,32.96,1009,Ahmedabad
INV1718,PRD1008,Snacks Pack,7,2025-07-30 21:00:00,145.32,1043,Lucknow
INV1719,PRD1009,Dairy Butter,1,2025-07-30 22:00:00,356.42,1010,Mumbai
INV1720,PRD1010,Pack of Chai,5,2025-07-30 23:00:00,40.72,1078,Hyderabad
INV1721,PRD1001,Grocery Pack,6,2025-07-31 00:00:00,421.28,1079,Kolkata
INV1722,PRD1002,Milk Bottle,4,2025-07-31 01:00:00,11.87,1080,Mumbai
INV1723,PRD1003,Bread Loaf,2,2025-07-31 02:00:00,130.94,1089,Mumbai
INV1724,PRD1004,Egg Pack,4,2025-07-31 03:00:00,373.04,1001,Hyderabad
INV1725,PRD1005,Fresh Vegetables,1,2025-07-31 04:00:00,164.97,1049,Chennai
INV1726,PRD1006,Cold Drink,7,2025-07-31 05:00:00,59.93,1011,Ahmedabad
INV1727,PRD1007,Organic Fruits,2,2025-07-31 06:00:00,186.51,1089,Mumbai
INV1728,PRD1008,Snacks Pack,2,2025-07-31 07:00:00,142.49,1022,Pune
INV1729,PRD1009,Dairy Butter,9,2025-07-31 08:00:00,422.93,1017,Delhi
INV1730,PRD1010,Pack of Chai,5,2025-07-31 09:00:00,163.54,1061,Mumbai
INV1731,PRD1001,Grocery Pack,2,2025-07-31 10:00:00,396.58,1095,Mumbai
INV1732,PRD1002,Milk Bottle,9,2025-07-31 11:00:00,447.02,1061,Pune
INV1733,PRD1003,Bread Loaf,9,2025-07-31 12:00:00,222.57,1037,Hyderabad
INV1734,PRD1004,Egg Pack,1,2025-07-31 13:00:00,455.87,1066,Bengaluru
INV1735,PRD1005,Fresh Vegetables,3,2025-07-31 14:00:00,194.89,1037,Delhi
INV1736,PRD1006,Cold Drink,4,2025-07-31 15:00:00,482.4,1066,Ahmedabad
INV1737,PRD1007,Organic Fruits,7,2025-07-31 16:00:00,53.75,1093,Bengaluru
INV1738,PRD1008,Snacks Pack,4,2025-07-31 17:00:00,346.64,1060,Pune
INV1739,PRD1009,Dairy Butter,2,2025-07-31 18:00:00,251.97,1000,Bengaluru
INV1740,PRD1010,Pack of Chai,7,2025-07-31 19:00:00,199.95,1093,Delhi
INV1741,PRD1001,Grocery Pack,6,2025-07-31 20:00:00,320.03,1044,Bengaluru
INV1742,PRD1002,Milk Bottle,3,2025-07-31 21:00:00,354.89,1095,Delhi
INV1743,PRD1003,Bread Loaf,6,2025-07-31 22:00:00,12.14,1027,Hyderabad
INV1744,PRD1004,Egg Pack,6,2025-07-31 23:00:00,91.81,1020,Bengaluru
INV1745,PRD1005,Fresh Vegetables,5,2025-08-01 00:00:00,359.39,1012,Delhi
INV1746,PRD1006,Cold Drink,4,2025-08-01 01:00:00,336.53,1026,Kolkata
INV1747,PRD1007,Organic Fruits,1,2025-08-01 02:00:00,483.36,1099,Bengaluru
INV1748,PRD1008,Snacks Pack,6,2025-08-01 03:00:00,382.91,1006,Chennai
INV1749,PRD1009,Dairy Butter,2,2025-08-01 04:00:00,475.88,1021,Kolkata
INV1750,PRD1010,Pack of Chai,3,2025-08-01 05:00:00,354.24,1073,Chennai
INV1751,PRD1001,Grocery Pack,8,2025-08-01 06:00:00,156.05,1052,Mumbai
INV1752,PRD1002,Milk Bottle,6,2025-08-01 07:00:00,61.63,1078,Kolkata
INV1753,PRD1003,Bread Loaf,3,2025-08-01 08:00:00,393.09,1078,Chennai
INV1754,PRD1004,Egg Pack,7,2025-08-01 09:00:00,325.63,1003,Delhi
INV1755,PRD1005,Fresh Vegetables,4,2025-08-01 10:00:00,33.61,1095,Mumbai
INV1756,PRD1006,Cold Drink,9,2025-08-01 11:00:00,186.42,1022,Pune
INV1757,PRD1007,Organic Fruits,5,2025-08-01 12:00:00,478.83,1069,Chennai
INV1758,PRD1008,Snacks Pack,3,2025-08-01 13:00:00,255.2,1087,Chennai
INV1759,PRD1009,Dairy Butter,2,2025-08-01 14:00:00,222.04,1083,Kolkata
INV1760,PRD1010,Pack of Chai,2,2025-08-01 15:00:00,234.27,1083,Pune
INV1761,PRD1001,Grocery Pack,3,2025-08-01 16:00:00,112.35,1075,Mumbai
INV1762,PRD1002,Milk Bottle,2,2025-08-01 17:00:00,190.67,1032,Delhi
INV1763,PRD1003,Bread Loaf,4,2025-08-01 18:00:00,191.21,1027,Delhi
INV1764,PRD1004,Egg Pack,2,2025-08-01 19:00:00,35.65,1007,Hyderabad
INV1765,PRD1005,Fresh Vegetables,9,2025-08-01 20:00:00,386.11,1000,Mumbai
INV1766,PRD1006,Cold Drink,2,2025-08-01 21:00:00,214.09,1036,Chennai
INV1767,PRD1007,Organic Fruits,9,2025-08-01 22:00:00,412.87,1062,Pune
INV1768,PRD1008,Snacks Pack,6,2025-08-01 23:00:00,426.67,1021,Ahmedabad
INV1769,PRD1009,Dairy Butter,1,2025-08-02 00:00:00,113.88,1069,Delhi
INV1770,PRD1010,Pack of Chai,4,2025-08-02 01:00:00,332.1,1020,Pune
INV1771,PRD1001,Grocery Pack,1,2025-08-02 02:00:00,241.42,1095,Mumbai
INV1772,PRD1002,Milk Bottle,6,2025-08-02 03:00:00,441.28,1034,Ahmedabad
INV1773,PRD1003,Bread Loaf,4,2025-08-02 04:00:00,115.71,1078,Mumbai
INV1774,PRD1004,Egg Pack,3,2025-08-02 05:00:00,342.13,1004,Bengaluru
INV1775,PRD1005,Fresh Vegetables,3,2025-08-02 06:00:00,307.8,1059,Pune
INV1776,PRD1006,Cold Drink,9,2025-08-02 07:00:00,154.7,1045,Mumbai
INV1777,PRD1007,Organic Fruits,6,2025-08-02 08:00:00,76.93,1049,Delhi
INV1778,PRD1008,Snacks Pack,9,2025-08-02 09:00:00,329.3,1047,Hyderabad
INV1779,PRD1009,Dairy Butter,5,2025-08-02 10:00:00,371.91,1005,Hyderabad
INV1780,PRD1010,Pack of Chai,2,2025-08-02 11:00:00,164.66,1088,Chennai
INV1781,PRD1001,Grocery Pack,8,2025-08-02 12:00:00,325.97,1055,Hyderabad
INV1782,PRD1002,Milk Bottle,5,2025-08-02 13:00:00,203.61,1058,Chennai
INV1783,PRD1003,Bread Loaf,2,2025-08-02 14:00:00,359.47,1028,Delhi
INV1784,PRD1004,Egg Pack,4,2025-08-02 15:00:00,107.62,1070,Delhi
INV1785,PRD1005,Fresh Vegetables,9,2025-08-02 16:00:00,446.21,1076,Mumbai
INV1786,PRD1006,Cold Drink,4,2025-08-02 17:00:00,150.83,1017,Kolkata
INV1787,PRD1007,Organic Fruits,4,2025-08-02 18:00:00,190.22,1001,Chennai
INV1788,PRD1008,Snacks Pack,2,2025-08-02 19:00:00,38.47,1007,Bengaluru
INV1789,PRD1009,Dairy Butter,6,2025-08-02 20:00:00,64.64,1074,Bengaluru
INV1790,PRD1010,Pack of Chai,2,2025-08-02 21:00:00,262.77,1096,Lucknow
INV1791,PRD1001,Grocery Pack,7,2025-08-02 22:00:00,141.12,1053,Mumbai
INV1792,PRD1002,Milk Bottle,3,2025-08-02 23:00:00,419.39,1037,Chennai
INV1793,PRD1003,Bread Loaf,3,2025-08-03 00:00:00,17.2,1047,Bengaluru
INV1794,PRD1004,Egg Pack,5,2025-08-03 01:00:00,195.76,1026,Chennai
INV1795,PRD1005,Fresh Vegetables,3,2025-08-03 02:00:00,175.3,1019,Mumbai
INV1796,PRD1006,Cold Drink,2,2025-08-03 03:00:00,19.47,1011,Ahmedabad
INV1797,PRD1007,Organic Fruits,9,2025-08-03 04:00:00,70.94,1042,Kolkata
INV1798,PRD1008,Snacks Pack,2,2025-08-03 05:00:00,212.68,1060,Chennai
INV1799,PRD1009,Dairy Butter,2,2025-08-03 06:00:00,251.5,1030,Hyderabad
INV1800,PRD1010,Pack of Chai,8,2025-08-03 07:00:00,208.1,1090,Kolkata
INV1801,PRD1001,Grocery Pack,9,2025-08-03 08:00:00,270.16,1095,Hyderabad
INV1802,PRD1002,Milk Bottle,7,2025-08-03 09:00:00,301.61,1060,Mumbai
INV1803,PRD1003,Bread Loaf,3,2025-08-03 10:00:00,14.86,1073,Chennai
INV1804,PRD1004,Egg Pack,9,2025-08-03 11:00:00,237.41,1066,Chennai
INV1805,PRD1005,Fresh Vegetables,3,2025-08-03 12:00:00,482.11,1090,Bengaluru
INV1806,PRD1006,Cold Drink,5,2025-08-03 13:00:00,264.33,1034,Hyderabad
INV1807,PRD1007,Organic Fruits,9,2025-08-03 14:00:00,342.0,1094,Kolkata
INV1808,PRD1008,Snacks Pack,3,2025-08-03 15:00:00,162.81,1014,Kolkata
INV1809,PRD1009,Dairy Butter,7,2025-08-03 16:00:00,389.26,1015,Bengaluru
INV1810,PRD1010,Pack of Chai,1,2025-08-03 17:00:00,388.73,1012,Mumbai
INV1811,PRD1001,Grocery Pack,4,2025-08-03 18:00:00,265.44,1034,Jaipur
INV1812,PRD1002,Milk Bottle,4,2025-08-03 19:00:00,488.25,1074,Ahmedabad
INV1813,PRD1003,Bread Loaf,7,2025-08-03 20:00:00,71.52,1058,Mumbai
INV1814,PRD1004,Egg Pack,8,2025-08-03 21:00:00,18.3,1020,Kolkata
INV1815,PRD1005,Fresh Vegetables,1,2025-08-03 22:00:00,387.38,1053,Ahmedabad
INV1816,PRD1006,Cold Drink,5,2025-08-03 23:00:00,405.51,1074,Bengaluru
INV1817,PRD1007,Organic Fruits,7,2025-08-04 00:00:00,68.9,1029,Chennai
INV1818,PRD1008,Snacks Pack,4,2025-08-04 01:00:00,140.14,1047,Bengaluru
INV1819,PRD1009,Dairy Butter,4,2025-08-04 02:00:00,18.6,1034,Mumbai
INV1820,PRD1010,Pack of Chai,4,2025-08-04 03:00:00,153.72,1085,Delhi
INV1821,PRD1001,Grocery Pack,6,2025-08-04 04:00:00,388.84,1037,Pune
INV1822,PRD1002,Milk Bottle,7,2025-08-04 05:00:00,263.8,1030,Mumbai
INV1823,PRD1003,Bread Loaf,2,2025-08-04 06:00:00,180.57,1077,Delhi
INV1824,PRD1004,Egg Pack,5,2025-08-04 07:00:00,192.15,1023,Bengaluru
INV1825,PRD1005,Fresh Vegetables,4,2025-08-04 08:00:00,10.66,1048,Chennai
INV1826,PRD1006,Cold Drink,3,2025-08-04 09:00:00,156.9,1095,Kolkata
INV1827,PRD1007,Organic Fruits,7,2025-08-04 10:00:00,326.76,1099,Delhi
INV1828,PRD1008,Snacks Pack,6,2025-08-04 11:00:00,487.36,1031,Delhi
INV1829,PRD1009,Dairy Butter,7,2025-08-04 12:00:00,425.06,1054,Hyderabad
INV1830,PRD1010,Pack of Chai,5,2025-08-04 13:00:00,21.56,1078,Bengaluru
INV1831,PRD1001,Grocery Pack,6,2025-08-04 14:00:00,450.29,1057,Delhi
INV1832,PRD1002,Milk Bottle,5,2025-08-04 15:00:00,393.77,1098,Bengaluru
INV1833,PRD1003,Bread Loaf,7,2025-08-04 16:00:00,392.38,1002,Mumbai
INV1834,PRD1004,Egg Pack,2,2025-08-04 17:00:00,234.42,1079,Mumbai
INV1835,PRD1005,Fresh Vegetables,5,2025-08-04 18:00:00,205.02,1068,Bengaluru
INV1836,PRD1006,Cold Drink,6,2025-08-04 19:00:00,158.43,1084,Bengaluru
INV1837,PRD1007,Organic Fruits,6,2025-08-04 20:00:00,42.19,1009,Kolkata
INV1838,PRD1008,Snacks Pack,5,2025-08-04 21:00:00,121.84,1082,Delhi
INV1839,PRD1009,Dairy Butter,7,2025-08-04 22:00:00,130.84,1024,Chennai
INV1840,PRD1010,Pack of Chai,8,2025-08-04 23:00:00,247.2,1067,Chennai
INV1841,PRD1001,Grocery Pack,7,2025-08-05 00:00:00,376.25,1060,Mumbai
INV1842,PRD1002,Milk Bottle,5,2025-08-05 01:00:00,242.17,1028,Hyderabad
INV1843,PRD1003,Bread Loaf,1,2025-08-05 02:00:00,38.34,1018,Mumbai
INV1844,PRD1004,Egg Pack,5,2025-08-05 03:00:00,479.32,1042,Lucknow
INV1845,PRD1005,Fresh Vegetables,2,2025-08-05 04:00:00,471.93,1065,Mumbai
INV1846,PRD1006,Cold Drink,5,2025-08-05 05:00:00,394.74,1073,Bengaluru
INV1847,PRD1007,Organic Fruits,5,2025-08-05 06:00:00,495.75,1060,Mumbai
INV1848,PRD1008,Snacks Pack,2,2025-08-05 07:00:00,276.8,1042,Jaipur
INV1849,PRD1009,Dairy Butter,5,2025-08-05 08:00:00,481.76,1024,Bengaluru
INV1850,PRD1010,Pack of Chai,4,2025-08-05 09:00:00,47.05,1019,Chennai
INV1851,PRD1001,Grocery Pack,1,2025-08-05 10:00:00,189.18,1047,Mumbai
INV1852,PRD1002,Milk Bottle,3,2025-08-05 11:00:00,120.44,1082,Hyderabad
INV1853,PRD1003,Bread Loaf,1,2025-08-05 12:00:00,105.96,1086,Delhi
INV1854,PRD1004,Egg Pack,5,2025-08-05 13:00:00,78.99,1023,Kolkata
INV1855,PRD1005,Fresh Vegetables,4,2025-08-05 14:00:00,314.98,1010,Delhi
INV1856,PRD1006,Cold Drink,7,2025-08-05 15:00:00,392.85,1097,Mumbai
INV1857,PRD1007,Organic Fruits,5,2025-08-05 16:00:00,293.37,1054,Mumbai
INV1858,PRD1008,Snacks Pack,4,2025-08-05 17:00:00,82.01,1027,Bengaluru
INV1859,PRD1009,Dairy Butter,2,2025-08-05 18:00:00,407.45,1068,Chennai
INV1860,PRD1010,Pack of Chai,4,2025-08-05 19:00:00,321.62,1062,Mumbai
INV1861,PRD1001,Grocery Pack,2,2025-08-05 20:00:00,200.2,1058,Pune
INV1862,PRD1002,Milk Bottle,8,2025-08-05 21:00:00,340.32,1004,Bengaluru
INV1863,PRD1003,Bread Loaf,3,2025-08-05 22:00:00,137.35,1050,Bengaluru
INV1864,PRD1004,Egg Pack,9,2025-08-05 23:00:00,179.14,1020,Bengaluru
INV1865,PRD1005,Fresh Vegetables,4,2025-08-06 00:00:00,459.57,1011,Bengaluru
INV1866,PRD1006,Cold Drink,6,2025-08-06 01:00:00,152.35,1049,Chennai
INV1867,PRD1007,Organic Fruits,5,2025-08-06 02:00:00,240.29,1003,Mumbai
INV1868,PRD1008,Snacks Pack,1,2025-08-06 03:00:00,446.17,1041,Mumbai
INV1869,PRD1009,Dairy Butter,9,2025-08-06 04:00:00,356.78,1083,Ahmedabad
INV1870,PRD1010,Pack of Chai,1,2025-08-06 05:00:00,40.48,1037,Lucknow
INV1871,PRD1001,Grocery Pack,8,2025-08-06 06:00:00,82.18,1024,Delhi
INV1872,PRD1002,Milk Bottle,9,2025-08-06 07:00:00,13.84,1013,Delhi
INV1873,PRD1003,Bread Loaf,9,2025-08-06 08:00:00,319.15,1074,Chennai
INV1874,PRD1004,Egg Pack,1,2025-08-06 09:00:00,229.36,1031,Bengaluru
INV1875,PRD1005,Fresh Vegetables,2,2025-08-06 10:00:00,75.79,1010,Mumbai
INV1876,PRD1006,Cold Drink,1,2025-08-06 11:00:00,479.39,1060,Mumbai
INV1877,PRD1007,Organic Fruits,2,2025-08-06 12:00:00,269.53,1017,Hyderabad
INV1878,PRD1008,Snacks Pack,8,2025-08-06 13:00:00,128.53,1026,Hyderabad
INV1879,PRD1009,Dairy Butter,5,2025-08-06 14:00:00,255.3,1054,Mumbai
INV1880,PRD1010,Pack of Chai,7,2025-08-06 15:00:00,343.01,1053,Delhi
INV1881,PRD1001,Grocery Pack,2,2025-08-06 16:00:00,47.36,1081,Delhi
INV1882,PRD1002,Milk Bottle,8,2025-08-06 17:00:00,144.6,1086,Hyderabad
INV1883,PRD1003,Bread Loaf,6,2025-08-06 18:00:00,405.41,1074,Mumbai
INV1884,PRD1004,Egg Pack,8,2025-08-06 19:00:00,235.24,1020,Mumbai
INV1885,PRD1005,Fresh Vegetables,1,2025-08-06 20:00:00,277.82,1043,Pune
INV1886,PRD1006,Cold Drink,1,2025-08-06 21:00:00,222.08,1004,Mumbai
INV1887,PRD1007,Organic Fruits,7,2025-08-06 22:00:00,31.51,1086,Hyderabad
INV1888,PRD1008,Snacks Pack,8,2025-08-06 23:00:00,91.22,1040,Delhi
INV1889,PRD1009,Dairy Butter,3,2025-08-07 00:00:00,228.32,1058,Mumbai
INV1890,PRD1010,Pack of Chai,5,2025-08-07 01:00:00,112.5,1088,Delhi
INV1891,PRD1001,Grocery Pack,1,2025-08-07 02:00:00,34.49,1053,Hyderabad
INV1892,PRD1002,Milk Bottle,7,2025-08-07 03:00:00,423.39,1073,Ahmedabad
INV1893,PRD1003,Bread Loaf,5,2025-08-07 04:00:00,490.78,1021,Ahmedabad
INV1894,PRD1004,Egg Pack,8,2025-08-07 05:00:00,398.64,1082,Bengaluru
INV1895,PRD1005,Fresh Vegetables,8,2025-08-07 06:00:00,428.35,1064,Hyderabad
INV1896,PRD1006,Cold Drink,9,2025-08-07 07:00:00,128.57,1063,Delhi
INV1897,PRD1007,Organic Fruits,7,2025-08-07 08:00:00,480.71,1070,Delhi
INV1898,PRD1008,Snacks Pack,1,2025-08-07 09:00:00,106.49,1003,Kolkata
INV1899,PRD1009,Dairy Butter,3,2025-08-07 10:00:00,476.2,1064,Mumbai
INV1900,PRD1010,Pack of Chai,8,2025-08-07 11:00:00,497.46,1014,Mumbai
INV1901,PRD1001,Grocery Pack,3,2025-08-07 12:00:00,358.74,1075,Delhi
INV1902,PRD1002,Milk Bottle,8,2025-08-07 13:00:00,490.76,1021,Mumbai
INV1903,PRD1003,Bread Loaf,1,2025-08-07 14:00:00,289.07,1085,Mumbai
INV1904,PRD1004,Egg Pack,5,2025-08-07 15:00:00,137.18,1046,Chennai
INV1905,PRD1005,Fresh Vegetables,4,2025-08-07 16:00:00,224.13,1080,Bengaluru
INV1906,PRD1006,Cold Drink,5,2025-08-07 17:00:00,300.84,1092,Kolkata
INV1907,PRD1007,Organic Fruits,8,2025-08-07 18:00:00,45.81,1045,Pune
INV1908,PRD1008,Snacks Pack,4,2025-08-07 19:00:00,314.95,1013,Delhi
INV1909,PRD1009,Dairy Butter,4,2025-08-07 20:00:00,490.78,1049,Delhi
INV1910,PRD1010,Pack of Chai,3,2025-08-07 21:00:00,103.15,1019,Delhi
INV1911,PRD1001,Grocery Pack,7,2025-08-07 22:00:00,398.37,1049,Chennai
INV1912,PRD1002,Milk Bottle,3,2025-08-07 23:00:00,454.87,1032,Delhi
INV1913,PRD1003,Bread Loaf,3,2025-08-08 00:00:00,472.41,1058,Chennai
INV1914,PRD1004,Egg Pack,5,2025-08-08 01:00:00,480.47,1042,Bengaluru
INV1915,PRD1005,Fresh Vegetables,5,2025-08-08 02:00:00,265.52,1078,Chennai
INV1916,PRD1006,Cold Drink,6,2025-08-08 03:00:00,488.88,1011,Bengaluru
INV1917,PRD1007,Organic Fruits,8,2025-08-08 04:00:00,381.08,1039,Delhi
INV1918,PRD1008,Snacks Pack,6,2025-08-08 05:00:00,89.22,1019,Lucknow
INV1919,PRD1009,Dairy Butter,1,2025-08-08 06:00:00,243.68,1093,Pune
INV1920,PRD1010,Pack of Chai,8,2025-08-08 07:00:00,361.98,1037,Mumbai
INV1921,PRD1001,Grocery Pack,8,2025-08-08 08:00:00,131.2,1002,Ahmedabad
INV1922,PRD1002,Milk Bottle,9,2025-08-08 09:00:00,323.9,1027,Bengaluru
INV1923,PRD1003,Bread Loaf,9,2025-08-08 10:00:00,336.63,1055,Kolkata
INV1924,PRD1004,Egg Pack,2,2025-08-08 11:00:00,89.72,1089,Pune
INV1925,PRD1005,Fresh Vegetables,2,2025-08-08 12:00:00,286.89,1093,Bengaluru
INV1926,PRD1006,Cold Drink,3,2025-08-08 13:00:00,388.1,1012,Mumbai
INV1927,PRD1007,Organic Fruits,1,2025-08-08 14:00:00,254.46,1076,Delhi
INV1928,PRD1008,Snacks Pack,4,2025-08-08 15:00:00,15.93,1065,Chennai
INV1929,PRD1009,Dairy Butter,4,2025-08-08 16:00:00,14.43,1036,Chennai
INV1930,PRD1010,Pack of Chai,9,2025-08-08 17:00:00,184.94,1048,Delhi
INV1931,PRD1001,Grocery Pack,9,2025-08-08 18:00:00,463.84,1065,Mumbai
INV1932,PRD1002,Milk Bottle,9,2025-08-08 19:00:00,122.05,1035,Ahmedabad
INV1933,PRD1003,Bread Loaf,7,2025-08-08 20:00:00,320.84,1053,Jaipur
INV1934,PRD1004,Egg Pack,2,2025-08-08 21:00:00,118.82,1025,Bengaluru
INV1935,PRD1005,Fresh Vegetables,5,2025-08-08 22:00:00,167.62,1074,Mumbai
INV1936,PRD1006,Cold Drink,4,2025-08-08 23:00:00,425.54,1071,Delhi
INV1937,PRD1007,Organic Fruits,8,2025-08-09 00:00:00,367.14,1039,Mumbai
INV1938,PRD1008,Snacks Pack,2,2025-08-09 01:00:00,56.75,1042,Kolkata
INV1939,PRD1009,Dairy Butter,6,2025-08-09 02:00:00,220.06,1021,Mumbai
INV1940,PRD1010,Pack of Chai,5,2025-08-09 03:00:00,24.29,1019,Chennai
INV1941,PRD1001,Grocery Pack,2,2025-08-09 04:00:00,245.64,1007,Delhi
INV1942,PRD1002,Milk Bottle,1,2025-08-09 05:00:00,334.59,1028,Chennai
INV1943,PRD1003,Bread Loaf,8,2025-08-09 06:00:00,68.07,1039,Hyderabad
INV1944,PRD1004,Egg Pack,2,2025-08-09 07:00:00,151.55,1089,Pune
INV1945,PRD1005,Fresh Vegetables,7,2025-08-09 08:00:00,204.94,1029,Delhi
INV1946,PRD1006,Cold Drink,9,2025-08-09 09:00:00,460.57,1080,Mumbai
INV1947,PRD1007,Organic Fruits,9,2025-08-09 10:00:00,496.69,1083,Mumbai
INV1948,PRD1008,Snacks Pack,8,2025-08-09 11:00:00,32.01,1054,Kolkata
INV1949,PRD1009,Dairy Butter,9,2025-08-09 12:00:00,382.89,1015,Ahmedabad
INV1950,PRD1010,Pack of Chai,2,2025-08-09 13:00:00,192.14,1045,Chennai
INV1951,PRD1001,Grocery Pack,6,2025-08-09 14:00:00,202.3,1061,Chennai
INV1952,PRD1002,Milk Bottle,4,2025-08-09 15:00:00,379.59,1006,Hyderabad
INV1953,PRD1003,Bread Loaf,4,2025-08-09 16:00:00,460.03,1079,Mumbai
INV1954,PRD1004,Egg Pack,5,2025-08-09 17:00:00,475.96,1044,Kolkata
INV1955,PRD1005,Fresh Vegetables,3,2025-08-09 18:00:00,292.79,1058,Bengaluru
INV1956,PRD1006,Cold Drink,1,2025-08-09 19:00:00,184.99,1055,Bengaluru
INV1957,PRD1007,Organic Fruits,8,2025-08-09 20:00:00,395.9,1047,Bengaluru
INV1958,PRD1008,Snacks Pack,5,2025-08-09 21:00:00,132.99,1026,Mumbai
INV1959,PRD1009,Dairy Butter,3,2025-08-09 22:00:00,286.4,1052,Mumbai
INV1960,PRD1010,Pack of Chai,7,2025-08-09 23:00:00,185.7,1086,Hyderabad
INV1961,PRD1001,Grocery Pack,7,2025-08-10 00:00:00,331.75,1087,Mumbai
INV1962,PRD1002,Milk Bottle,1,2025-08-10 01:00:00,127.8,1072,Chennai
INV1963,PRD1003,Bread Loaf,9,2025-08-10 02:00:00,103.88,1034,Delhi
INV1964,PRD1004,Egg Pack,2,2025-08-10 03:00:00,459.94,1050,Bengaluru
INV1965,PRD1005,Fresh Vegetables,5,2025-08-10 04:00:00,59.88,1083,Delhi
INV1966,PRD1006,Cold Drink,5,2025-08-10 05:00:00,257.92,1036,Delhi
INV1967,PRD1007,Organic Fruits,8,2025-08-10 06:00:00,118.22,1080,Hyderabad
INV1968,PRD1008,Snacks Pack,8,2025-08-10 07:00:00,29.08,1094,Delhi
INV1969,PRD1009,Dairy Butter,7,2025-08-10 08:00:00,27.65,1056,Chennai
INV1970,PRD1010,Pack of Chai,7,2025-08-10 09:00:00,95.86,1007,Bengaluru
INV1971,PRD1001,Grocery Pack,6,2025-08-10 10:00:00,434.72,1078,Hyderabad
INV1972,PRD1002,Milk Bottle,6,2025-08-10 11:00:00,148.41,1094,Kolkata
INV1973,PRD1003,Bread Loaf,9,2025-08-10 12:00:00,475.72,1093,Hyderabad
INV1974,PRD1004,Egg Pack,6,2025-08-10 13:00:00,294.99,1019,Delhi
INV1975,PRD1005,Fresh Vegetables,2,2025-08-10 14:00:00,223.94,1052,Mumbai
INV1976,PRD1006,Cold Drink,2,2025-08-10 15:00:00,294.24,1011,Delhi
INV1977,PRD1007,Organic Fruits,5,2025-08-10 16:00:00,263.18,1048,Chennai
INV1978,PRD1008,Snacks Pack,4,2025-08-10 17:00:00,381.8,1016,Mumbai
INV1979,PRD1009,Dairy Butter,2,2025-08-10 18:00:00,148.42,1063,Bengaluru
INV1980,PRD1010,Pack of Chai,3,2025-08-10 19:00:00,182.99,1041,Chennai
INV1981,PRD1001,Grocery Pack,7,2025-08-10 20:00:00,448.11,1093,Delhi
INV1982,PRD1002,Milk Bottle,8,2025-08-10 21:00:00,473.76,1028,Pune
INV1983,PRD1003,Bread Loaf,6,2025-08-10 22:00:00,447.35,1018,Mumbai
INV1984,PRD1004,Egg Pack,5,2025-08-10 23:00:00,215.53,1010,Mumbai
INV1985,PRD1005,Fresh Vegetables,1,2025-08-11 00:00:00,392.38,1097,Hyderabad
INV1986,PRD1006,Cold Drink,8,2025-08-11 01:00:00,243.4,1049,Bengaluru
INV1987,PRD1007,Organic Fruits,3,2025-08-11 02:00:00,253.79,1070,Hyderabad
INV1988,PRD1008,Snacks Pack,6,2025-08-11 03:00:00,110.29,1057,Bengaluru
INV1989,PRD1009,Dairy Butter,3,2025-08-11 04:00:00,299.65,1033,Delhi
INV1990,PRD1010,Pack of Chai,7,2025-08-11 05:00:00,101.21,1019,Pune
INV1991,PRD1001,Grocery Pack,7,2025-08-11 06:00:00,172.47,1049,Pune
INV1992,PRD1002,Milk Bottle,9,2025-08-11 07:00:00,428.96,1087,Hyderabad
INV1993,PRD1003,Bread Loaf,5,2025-08-11 08:00:00,111.47,1009,Delhi
INV1994,PRD1004,Egg Pack,8,2025-08-11 09:00:00,44.87,1031,Chennai
INV1995,PRD1005,Fresh Vegetables,8,2025-08-11 10:00:00,43.81,1051,Delhi
INV1996,PRD1006,Cold Drink,1,2025-08-11 11:00:00,470.98,1014,Mumbai
INV1997,PRD1007,Organic Fruits,5,2025-08-11 12:00:00,258.39,1083,Kolkata
INV1998,PRD1008,Snacks Pack,3,2025-08-11 13:00:00,210.61,1002,Mumbai
INV1999,PRD1009,Dairy Butter,1,2025-08-11 14:00:00,407.33,1036,Lucknow
INV2000,PRD1010,Pack of Chai,4,2025-08-11 15:00:00,419.55,1039,Bengaluru
